timestamp,place_id,distance_cm,est_anomalie
2026-04-18T10:28:31.766+00:00,1,6.17,0
2026-04-18T10:28:31.766+00:00,2,1.8,0
2026-04-18T10:28:31.766+00:00,3,7.33,0
2026-04-18T10:28:31.766+00:00,4,7.13,0
2026-04-18T10:28:31.766+00:00,5,6.25,0
2026-04-18T10:28:31.766+00:00,6,6.39,0
2026-04-18T10:28:31.766+00:00,7,7.26,0
2026-04-18T10:28:31.766+00:00,8,1.74,0
2026-04-18T10:28:33.767+00:00,1,5.96,0
2026-04-18T10:28:33.767+00:00,2,1.8,0
2026-04-18T10:28:33.767+00:00,3,7.38,0
2026-04-18T10:28:33.767+00:00,4,7.05,0
2026-04-18T10:28:33.767+00:00,5,6.13,0
2026-04-18T10:28:33.767+00:00,6,6.28,0
2026-04-18T10:28:33.767+00:00,7,6.95,0
2026-04-18T10:28:33.767+00:00,8,1.79,0
2026-04-18T10:28:35.783+00:00,1,6.15,0
2026-04-18T10:28:35.783+00:00,2,1.89,0
2026-04-18T10:28:35.783+00:00,3,7.36,0
2026-04-18T10:28:35.783+00:00,4,7.02,0
2026-04-18T10:28:35.783+00:00,5,6.01,0
2026-04-18T10:28:35.783+00:00,6,6.48,0
2026-04-18T10:28:35.783+00:00,7,6.92,0
2026-04-18T10:28:35.783+00:00,8,1.84,0
2026-04-18T10:28:37.786+00:00,1,6.38,0
2026-04-18T10:28:37.786+00:00,2,1.92,0
2026-04-18T10:28:37.786+00:00,3,7.62,0
2026-04-18T10:28:37.786+00:00,4,7.18,0
2026-04-18T10:28:37.786+00:00,5,5.86,0
2026-04-18T10:28:37.786+00:00,6,6.31,0
2026-04-18T10:28:37.786+00:00,7,7.25,0
2026-04-18T10:28:37.786+00:00,8,1.78,0
2026-04-18T10:28:39.790+00:00,1,6.38,0
2026-04-18T10:28:39.790+00:00,2,1.8,0
2026-04-18T10:28:39.790+00:00,3,7.34,0
2026-04-18T10:28:39.790+00:00,4,7.15,0
2026-04-18T10:28:39.790+00:00,5,6.13,0
2026-04-18T10:28:39.790+00:00,6,6.48,0
2026-04-18T10:28:39.790+00:00,7,6.95,0
2026-04-18T10:28:39.790+00:00,8,1.78,0
2026-04-18T10:28:41.793+00:00,1,6.38,0
2026-04-18T10:28:41.793+00:00,2,1.78,0
2026-04-18T10:28:41.793+00:00,3,7.46,0
2026-04-18T10:28:41.793+00:00,4,7.35,0
2026-04-18T10:28:41.793+00:00,5,6.12,0
2026-04-18T10:28:41.793+00:00,6,6.46,0
2026-04-18T10:28:41.793+00:00,7,7.31,0
2026-04-18T10:28:41.793+00:00,8,1.88,0
2026-04-18T10:28:43.797+00:00,1,6.38,0
2026-04-18T10:28:43.797+00:00,2,1.94,0
2026-04-18T10:28:43.797+00:00,3,7.61,0
2026-04-18T10:28:43.797+00:00,4,7.24,0
2026-04-18T10:28:43.797+00:00,5,6.05,0
2026-04-18T10:28:43.797+00:00,6,6.63,0
2026-04-18T10:28:43.797+00:00,7,7.31,0
2026-04-18T10:28:43.797+00:00,8,1.89,0
2026-04-18T10:28:45.799+00:00,1,6.38,0
2026-04-18T10:28:45.799+00:00,2,1.83,0
2026-04-18T10:28:45.799+00:00,3,7.49,0
2026-04-18T10:28:45.799+00:00,4,7.21,0
2026-04-18T10:28:45.799+00:00,5,5.89,0
2026-04-18T10:28:45.799+00:00,6,6.36,0
2026-04-18T10:28:45.799+00:00,7,7.15,0
2026-04-18T10:28:45.799+00:00,8,1.85,0
2026-04-18T10:28:47.802+00:00,1,6.38,0
2026-04-18T10:28:47.802+00:00,2,1.85,0
2026-04-18T10:28:47.802+00:00,3,7.45,0
2026-04-18T10:28:47.802+00:00,4,6.99,0
2026-04-18T10:28:47.802+00:00,5,6.21,0
2026-04-18T10:28:47.802+00:00,6,6.45,0
2026-04-18T10:28:47.802+00:00,7,7.16,0
2026-04-18T10:28:47.802+00:00,8,3.5,0
2026-04-18T10:28:49.804+00:00,1,6.38,0
2026-04-18T10:28:49.804+00:00,2,1.83,0
2026-04-18T10:28:49.804+00:00,3,7.35,0
2026-04-18T10:28:49.804+00:00,4,6.99,0
2026-04-18T10:28:49.804+00:00,5,6.19,0
2026-04-18T10:28:49.804+00:00,6,11.38,1
2026-04-18T10:28:49.804+00:00,7,7.09,0
2026-04-18T10:28:49.804+00:00,8,3.5,0
2026-04-18T10:28:51.807+00:00,1,6.38,0
2026-04-18T10:28:51.807+00:00,2,1.8,0
2026-04-18T10:28:51.807+00:00,3,7.42,0
2026-04-18T10:28:51.807+00:00,4,6.99,0
2026-04-18T10:28:51.807+00:00,5,6.02,0
2026-04-18T10:28:51.807+00:00,6,14.64,1
2026-04-18T10:28:51.807+00:00,7,7.31,0
2026-04-18T10:28:51.807+00:00,8,3.5,0
2026-04-18T10:28:53.812+00:00,1,6.38,0
2026-04-18T10:28:53.812+00:00,2,1.93,0
2026-04-18T10:28:53.812+00:00,3,7.29,0
2026-04-18T10:28:53.812+00:00,4,6.99,0
2026-04-18T10:28:53.812+00:00,5,5.95,0
2026-04-18T10:28:53.812+00:00,6,0.32,1
2026-04-18T10:28:53.812+00:00,7,7.03,0
2026-04-18T10:28:53.812+00:00,8,3.5,0
2026-04-18T10:28:55.817+00:00,1,6.38,0
2026-04-18T10:28:55.817+00:00,2,1.96,0
2026-04-18T10:28:55.817+00:00,3,7.51,0
2026-04-18T10:28:55.817+00:00,4,6.99,0
2026-04-18T10:28:55.817+00:00,5,5.88,0
2026-04-18T10:28:55.817+00:00,6,0.84,1
2026-04-18T10:28:55.817+00:00,7,7.3,0
2026-04-18T10:28:55.817+00:00,8,3.5,0
2026-04-18T10:28:57.821+00:00,1,6.38,0
2026-04-18T10:28:57.821+00:00,2,1.83,0
2026-04-18T10:28:57.821+00:00,3,7.4,0
2026-04-18T10:28:57.821+00:00,4,6.99,0
2026-04-18T10:28:57.821+00:00,5,6.11,0
2026-04-18T10:28:57.821+00:00,6,0.77,1
2026-04-18T10:28:57.821+00:00,7,7.09,0
2026-04-18T10:28:57.821+00:00,8,3.5,0
2026-04-18T10:28:59.826+00:00,1,6.38,0
2026-04-18T10:28:59.826+00:00,2,1.96,0
2026-04-18T10:28:59.826+00:00,3,7.3,0
2026-04-18T10:28:59.826+00:00,4,6.99,0
2026-04-18T10:28:59.826+00:00,5,6.18,0
2026-04-18T10:28:59.826+00:00,6,0.3,1
2026-04-18T10:28:59.826+00:00,7,7.23,0
2026-04-18T10:28:59.826+00:00,8,3.5,0
2026-04-18T10:29:01.830+00:00,1,6.38,0
2026-04-18T10:29:01.830+00:00,2,1.9,0
2026-04-18T10:29:01.830+00:00,3,7.61,0
2026-04-18T10:29:01.830+00:00,4,6.99,0
2026-04-18T10:29:01.830+00:00,5,6.23,0
2026-04-18T10:29:01.830+00:00,6,0.74,1
2026-04-18T10:29:01.830+00:00,7,7.14,0
2026-04-18T10:29:01.830+00:00,8,3.5,0
2026-04-18T10:29:03.837+00:00,1,6.38,0
2026-04-18T10:29:03.837+00:00,2,1.8,0
2026-04-18T10:29:03.837+00:00,3,7.57,0
2026-04-18T10:29:03.837+00:00,4,6.99,0
2026-04-18T10:29:03.837+00:00,5,5.97,0
2026-04-18T10:29:03.837+00:00,6,0.81,1
2026-04-18T10:29:03.837+00:00,7,6.98,0
2026-04-18T10:29:03.837+00:00,8,3.5,0
2026-04-18T10:29:05.841+00:00,1,6.38,0
2026-04-18T10:29:05.841+00:00,2,1.92,0
2026-04-18T10:29:05.841+00:00,3,3.9,0
2026-04-18T10:29:05.841+00:00,4,6.99,0
2026-04-18T10:29:05.841+00:00,5,6.15,0
2026-04-18T10:29:05.841+00:00,6,6.3,0
2026-04-18T10:29:05.841+00:00,7,6.93,0
2026-04-18T10:29:05.841+00:00,8,3.5,0
2026-04-18T10:29:07.843+00:00,1,6.38,0
2026-04-18T10:29:07.843+00:00,2,1.5,1
2026-04-18T10:29:07.843+00:00,3,3.9,0
2026-04-18T10:29:07.843+00:00,4,6.99,0
2026-04-18T10:29:07.843+00:00,5,6.04,0
2026-04-18T10:29:07.843+00:00,6,6.25,0
2026-04-18T10:29:07.843+00:00,7,6.95,0
2026-04-18T10:29:07.843+00:00,8,3.5,0
2026-04-18T10:29:09.847+00:00,1,6.38,0
2026-04-18T10:29:09.847+00:00,2,7.5,1
2026-04-18T10:29:09.847+00:00,3,3.9,0
2026-04-18T10:29:09.847+00:00,4,6.99,0
2026-04-18T10:29:09.847+00:00,5,6.09,0
2026-04-18T10:29:09.847+00:00,6,6.2,0
2026-04-18T10:29:09.847+00:00,7,7.16,0
2026-04-18T10:29:09.847+00:00,8,3.5,0
2026-04-18T10:29:11.853+00:00,1,6.38,0
2026-04-18T10:29:11.853+00:00,2,1.5,1
2026-04-18T10:29:11.853+00:00,3,3.9,0
2026-04-18T10:29:11.853+00:00,4,6.99,0
2026-04-18T10:29:11.853+00:00,5,6.13,0
2026-04-18T10:29:11.853+00:00,6,6.33,0
2026-04-18T10:29:11.853+00:00,7,7.09,0
2026-04-18T10:29:11.853+00:00,8,3.5,0
2026-04-18T10:29:13.855+00:00,1,6.38,0
2026-04-18T10:29:13.855+00:00,2,7.5,1
2026-04-18T10:29:13.855+00:00,3,3.9,0
2026-04-18T10:29:13.855+00:00,4,6.99,0
2026-04-18T10:29:13.855+00:00,5,6.12,0
2026-04-18T10:29:13.855+00:00,6,6.32,0
2026-04-18T10:29:13.855+00:00,7,7.25,0
2026-04-18T10:29:13.855+00:00,8,3.5,0
2026-04-18T10:29:15.860+00:00,1,6.38,0
2026-04-18T10:29:15.860+00:00,2,1.5,1
2026-04-18T10:29:15.860+00:00,3,3.9,0
2026-04-18T10:29:15.860+00:00,4,6.99,0
2026-04-18T10:29:15.860+00:00,5,5.94,0
2026-04-18T10:29:15.860+00:00,6,6.45,0
2026-04-18T10:29:15.860+00:00,7,7.13,0
2026-04-18T10:29:15.860+00:00,8,3.5,0
2026-04-18T10:29:17.864+00:00,1,6.38,0
2026-04-18T10:29:17.864+00:00,2,7.5,1
2026-04-18T10:29:17.864+00:00,3,3.9,0
2026-04-18T10:29:17.864+00:00,4,6.99,0
2026-04-18T10:29:17.864+00:00,5,6.05,0
2026-04-18T10:29:17.864+00:00,6,6.5,0
2026-04-18T10:29:17.864+00:00,7,7.2,0
2026-04-18T10:29:17.864+00:00,8,3.5,0
2026-04-18T10:29:19.867+00:00,1,6.38,0
2026-04-18T10:29:19.867+00:00,2,1.5,1
2026-04-18T10:29:19.867+00:00,3,3.9,0
2026-04-18T10:29:19.867+00:00,4,6.99,0
2026-04-18T10:29:19.867+00:00,5,6.25,0
2026-04-18T10:29:19.867+00:00,6,6.24,0
2026-04-18T10:29:19.867+00:00,7,2.63,0
2026-04-18T10:29:19.867+00:00,8,3.5,0
2026-04-18T10:29:21.870+00:00,1,6.38,0
2026-04-18T10:29:21.870+00:00,2,7.5,1
2026-04-18T10:29:21.870+00:00,3,3.9,0
2026-04-18T10:29:21.870+00:00,4,6.99,0
2026-04-18T10:29:21.870+00:00,5,6.19,0
2026-04-18T10:29:21.870+00:00,6,6.33,0
2026-04-18T10:29:21.870+00:00,7,2.63,0
2026-04-18T10:29:21.870+00:00,8,3.5,0
2026-04-18T10:29:23.875+00:00,1,6.38,0
2026-04-18T10:29:23.875+00:00,2,7.19,0
2026-04-18T10:29:23.875+00:00,3,3.9,0
2026-04-18T10:29:23.875+00:00,4,6.99,0
2026-04-18T10:29:23.875+00:00,5,6.09,0
2026-04-18T10:29:23.875+00:00,6,6.48,0
2026-04-18T10:29:23.875+00:00,7,2.63,0
2026-04-18T10:29:23.875+00:00,8,3.5,0
2026-04-18T10:29:25.878+00:00,1,6.38,0
2026-04-18T10:29:25.878+00:00,2,1.5,1
2026-04-18T10:29:25.878+00:00,3,3.9,0
2026-04-18T10:29:25.878+00:00,4,6.99,0
2026-04-18T10:29:25.878+00:00,5,6.23,0
2026-04-18T10:29:25.878+00:00,6,6.42,0
2026-04-18T10:29:25.878+00:00,7,2.63,0
2026-04-18T10:29:25.878+00:00,8,3.5,0
2026-04-18T10:29:27.882+00:00,1,6.38,0
2026-04-18T10:29:27.882+00:00,2,7.5,1
2026-04-18T10:29:27.882+00:00,3,3.9,0
2026-04-18T10:29:27.882+00:00,4,6.99,0
2026-04-18T10:29:27.882+00:00,5,5.97,0
2026-04-18T10:29:27.882+00:00,6,6.13,0
2026-04-18T10:29:27.882+00:00,7,2.63,0
2026-04-18T10:29:27.882+00:00,8,3.5,0
2026-04-18T10:29:29.884+00:00,1,6.36,0
2026-04-18T10:29:29.884+00:00,2,1.5,1
2026-04-18T10:29:29.884+00:00,3,3.9,0
2026-04-18T10:29:29.884+00:00,4,6.99,0
2026-04-18T10:29:29.884+00:00,5,6.06,0
2026-04-18T10:29:29.884+00:00,6,6.23,0
2026-04-18T10:29:29.884+00:00,7,2.63,0
2026-04-18T10:29:29.884+00:00,8,3.5,0
2026-04-18T10:29:31.888+00:00,1,6.14,0
2026-04-18T10:29:31.888+00:00,2,7.5,1
2026-04-18T10:29:31.888+00:00,3,3.9,0
2026-04-18T10:29:31.888+00:00,4,7.13,0
2026-04-18T10:29:31.888+00:00,5,5.88,0
2026-04-18T10:29:31.888+00:00,6,6.4,0
2026-04-18T10:29:31.888+00:00,7,2.63,0
2026-04-18T10:29:31.888+00:00,8,3.5,0
2026-04-18T10:29:33.890+00:00,1,5.04,0
2026-04-18T10:29:33.890+00:00,2,1.5,1
2026-04-18T10:29:33.890+00:00,3,3.9,0
2026-04-18T10:29:33.890+00:00,4,6.96,0
2026-04-18T10:29:33.890+00:00,5,5.92,0
2026-04-18T10:29:33.890+00:00,6,6.21,0
2026-04-18T10:29:33.890+00:00,7,2.63,0
2026-04-18T10:29:33.890+00:00,8,6.55,0
2026-04-18T10:29:35.893+00:00,1,5.04,0
2026-04-18T10:29:35.893+00:00,2,7.5,1
2026-04-18T10:29:35.893+00:00,3,3.9,0
2026-04-18T10:29:35.893+00:00,4,7.06,0
2026-04-18T10:29:35.893+00:00,5,6.06,0
2026-04-18T10:29:35.893+00:00,6,6.23,0
2026-04-18T10:29:35.893+00:00,7,2.63,0
2026-04-18T10:29:35.893+00:00,8,6.46,0
2026-04-18T10:29:37.897+00:00,1,5.04,0
2026-04-18T10:29:37.897+00:00,2,1.5,1
2026-04-18T10:29:37.897+00:00,3,3.9,0
2026-04-18T10:29:37.897+00:00,4,7.01,0
2026-04-18T10:29:37.897+00:00,5,6.21,0
2026-04-18T10:29:37.897+00:00,6,6.46,0
2026-04-18T10:29:37.897+00:00,7,2.63,0
2026-04-18T10:29:37.897+00:00,8,6.59,0
2026-04-18T10:29:39.899+00:00,1,5.04,0
2026-04-18T10:29:39.899+00:00,2,2.69,0
2026-04-18T10:29:39.899+00:00,3,3.9,0
2026-04-18T10:29:39.899+00:00,4,6.87,0
2026-04-18T10:29:39.899+00:00,5,6.26,0
2026-04-18T10:29:39.899+00:00,6,6.35,0
2026-04-18T10:29:39.899+00:00,7,2.63,0
2026-04-18T10:29:39.899+00:00,8,6.45,0
2026-04-18T10:29:41.900+00:00,1,5.04,0
2026-04-18T10:29:41.900+00:00,2,2.6,0
2026-04-18T10:29:41.900+00:00,3,3.9,0
2026-04-18T10:29:41.900+00:00,4,6.77,0
2026-04-18T10:29:41.900+00:00,5,5.96,0
2026-04-18T10:29:41.900+00:00,6,6.46,0
2026-04-18T10:29:41.900+00:00,7,2.63,0
2026-04-18T10:29:41.900+00:00,8,6.39,0
2026-04-18T10:29:43.903+00:00,1,5.04,0
2026-04-18T10:29:43.903+00:00,2,2.58,0
2026-04-18T10:29:43.903+00:00,3,3.9,0
2026-04-18T10:29:43.903+00:00,4,6.89,0
2026-04-18T10:29:43.903+00:00,5,5.97,0
2026-04-18T10:29:43.903+00:00,6,6.41,0
2026-04-18T10:29:43.903+00:00,7,2.63,0
2026-04-18T10:29:43.903+00:00,8,6.66,0
2026-04-18T10:29:45.906+00:00,1,5.04,0
2026-04-18T10:29:45.906+00:00,2,2.66,0
2026-04-18T10:29:45.906+00:00,3,3.9,0
2026-04-18T10:29:45.906+00:00,4,7.1,0
2026-04-18T10:29:45.906+00:00,5,5.98,0
2026-04-18T10:29:45.906+00:00,6,6.15,0
2026-04-18T10:29:45.906+00:00,7,2.63,0
2026-04-18T10:29:45.906+00:00,8,6.7,0
2026-04-18T10:29:47.908+00:00,1,5.04,0
2026-04-18T10:29:47.908+00:00,2,2.61,0
2026-04-18T10:29:47.908+00:00,3,3.9,0
2026-04-18T10:29:47.908+00:00,4,6.83,0
2026-04-18T10:29:47.908+00:00,5,2.62,0
2026-04-18T10:29:47.908+00:00,6,6.37,0
2026-04-18T10:29:47.908+00:00,7,2.63,0
2026-04-18T10:29:47.908+00:00,8,6.71,0
2026-04-18T10:29:49.911+00:00,1,5.04,0
2026-04-18T10:29:49.911+00:00,2,2.56,0
2026-04-18T10:29:49.911+00:00,3,3.9,0
2026-04-18T10:29:49.911+00:00,4,7.1,0
2026-04-18T10:29:49.911+00:00,5,2.62,0
2026-04-18T10:29:49.911+00:00,6,6.19,0
2026-04-18T10:29:49.911+00:00,7,2.63,0
2026-04-18T10:29:49.911+00:00,8,6.48,0
2026-04-18T10:29:51.913+00:00,1,5.04,0
2026-04-18T10:29:51.913+00:00,2,2.64,0
2026-04-18T10:29:51.913+00:00,3,3.9,0
2026-04-18T10:29:51.913+00:00,4,6.83,0
2026-04-18T10:29:51.913+00:00,5,2.62,0
2026-04-18T10:29:51.913+00:00,6,6.21,0
2026-04-18T10:29:51.913+00:00,7,2.63,0
2026-04-18T10:29:51.913+00:00,8,6.41,0
2026-04-18T10:29:53.916+00:00,1,5.04,0
2026-04-18T10:29:53.916+00:00,2,2.56,0
2026-04-18T10:29:53.916+00:00,3,1.85,0
2026-04-18T10:29:53.916+00:00,4,6.8,0
2026-04-18T10:29:53.916+00:00,5,2.62,0
2026-04-18T10:29:53.916+00:00,6,6.14,0
2026-04-18T10:29:53.916+00:00,7,2.63,0
2026-04-18T10:29:53.916+00:00,8,6.43,0
2026-04-18T10:29:55.919+00:00,1,5.04,0
2026-04-18T10:29:55.919+00:00,2,2.62,0
2026-04-18T10:29:55.919+00:00,3,1.85,0
2026-04-18T10:29:55.919+00:00,4,7.12,0
2026-04-18T10:29:55.919+00:00,5,2.62,0
2026-04-18T10:29:55.919+00:00,6,5.76,0
2026-04-18T10:29:55.919+00:00,7,2.63,0
2026-04-18T10:29:55.919+00:00,8,6.5,0
2026-04-18T10:29:57.922+00:00,1,5.04,0
2026-04-18T10:29:57.922+00:00,2,2.55,0
2026-04-18T10:29:57.922+00:00,3,1.84,0
2026-04-18T10:29:57.922+00:00,4,6.98,0
2026-04-18T10:29:57.922+00:00,5,2.62,0
2026-04-18T10:29:57.922+00:00,6,4.72,0
2026-04-18T10:29:57.922+00:00,7,2.63,0
2026-04-18T10:29:57.922+00:00,8,6.69,0
2026-04-18T10:29:59.925+00:00,1,5.04,0
2026-04-18T10:29:59.925+00:00,2,2.57,0
2026-04-18T10:29:59.925+00:00,3,1.82,0
2026-04-18T10:29:59.925+00:00,4,6.78,0
2026-04-18T10:29:59.925+00:00,5,2.62,0
2026-04-18T10:29:59.925+00:00,6,3.75,0
2026-04-18T10:29:59.925+00:00,7,2.63,0
2026-04-18T10:29:59.925+00:00,8,6.6,0
2026-04-18T10:30:01.927+00:00,1,5.04,0
2026-04-18T10:30:01.927+00:00,2,2.62,0
2026-04-18T10:30:01.927+00:00,3,1.77,0
2026-04-18T10:30:01.927+00:00,4,6.96,0
2026-04-18T10:30:01.927+00:00,5,2.62,0
2026-04-18T10:30:01.927+00:00,6,2.8,0
2026-04-18T10:30:01.927+00:00,7,2.63,0
2026-04-18T10:30:01.927+00:00,8,6.63,0
2026-04-18T10:30:03.929+00:00,1,5.04,0
2026-04-18T10:30:03.929+00:00,2,2.65,0
2026-04-18T10:30:03.929+00:00,3,1.84,0
2026-04-18T10:30:03.929+00:00,4,6.88,0
2026-04-18T10:30:03.929+00:00,5,2.62,0
2026-04-18T10:30:03.929+00:00,6,1.77,0
2026-04-18T10:30:03.929+00:00,7,1.46,0
2026-04-18T10:30:03.929+00:00,8,6.52,0
2026-04-18T10:30:05.931+00:00,1,5.04,0
2026-04-18T10:30:05.931+00:00,2,2.66,0
2026-04-18T10:30:05.931+00:00,3,1.79,0
2026-04-18T10:30:05.931+00:00,4,6.98,0
2026-04-18T10:30:05.931+00:00,5,2.62,0
2026-04-18T10:30:05.931+00:00,6,1.67,0
2026-04-18T10:30:05.931+00:00,7,1.47,0
2026-04-18T10:30:05.931+00:00,8,6.53,0
2026-04-18T10:30:07.934+00:00,1,5.04,0
2026-04-18T10:30:07.934+00:00,2,2.64,0
2026-04-18T10:30:07.934+00:00,3,1.86,0
2026-04-18T10:30:07.934+00:00,4,6.75,0
2026-04-18T10:30:07.934+00:00,5,2.62,0
2026-04-18T10:30:07.934+00:00,6,1.84,0
2026-04-18T10:30:07.934+00:00,7,1.52,0
2026-04-18T10:30:07.934+00:00,8,6.45,0
2026-04-18T10:30:09.937+00:00,1,5.04,0
2026-04-18T10:30:09.937+00:00,2,2.7,0
2026-04-18T10:30:09.937+00:00,3,1.92,0
2026-04-18T10:30:09.937+00:00,4,6.83,0
2026-04-18T10:30:09.937+00:00,5,2.62,0
2026-04-18T10:30:09.937+00:00,6,1.82,0
2026-04-18T10:30:09.937+00:00,7,1.55,0
2026-04-18T10:30:09.937+00:00,8,6.7,0
2026-04-18T10:30:11.939+00:00,1,5.04,0
2026-04-18T10:30:11.939+00:00,2,2.53,0
2026-04-18T10:30:11.939+00:00,3,1.89,0
2026-04-18T10:30:11.939+00:00,4,6.94,0
2026-04-18T10:30:11.939+00:00,5,2.62,0
2026-04-18T10:30:11.939+00:00,6,1.84,0
2026-04-18T10:30:11.939+00:00,7,1.52,0
2026-04-18T10:30:11.939+00:00,8,6.65,0
2026-04-18T10:30:13.942+00:00,1,5.04,0
2026-04-18T10:30:13.942+00:00,2,2.71,0
2026-04-18T10:30:13.942+00:00,3,1.91,0
2026-04-18T10:30:13.942+00:00,4,6.77,0
2026-04-18T10:30:13.942+00:00,5,2.62,0
2026-04-18T10:30:13.942+00:00,6,1.74,0
2026-04-18T10:30:13.942+00:00,7,1.59,0
2026-04-18T10:30:13.942+00:00,8,6.65,0
2026-04-18T10:30:15.945+00:00,1,5.04,0
2026-04-18T10:30:15.945+00:00,2,2.59,0
2026-04-18T10:30:15.945+00:00,3,1.91,0
2026-04-18T10:30:15.945+00:00,4,7.02,0
2026-04-18T10:30:15.945+00:00,5,2.62,0
2026-04-18T10:30:15.945+00:00,6,1.83,0
2026-04-18T10:30:15.945+00:00,7,1.63,0
2026-04-18T10:30:15.945+00:00,8,6.37,0
2026-04-18T10:30:17.948+00:00,1,5.04,0
2026-04-18T10:30:17.948+00:00,2,2.62,0
2026-04-18T10:30:17.948+00:00,3,1.76,0
2026-04-18T10:30:17.948+00:00,4,6.78,0
2026-04-18T10:30:17.948+00:00,5,2.62,0
2026-04-18T10:30:17.948+00:00,6,1.75,0
2026-04-18T10:30:17.948+00:00,7,1.58,0
2026-04-18T10:30:17.948+00:00,8,6.4,0
2026-04-18T10:30:19.951+00:00,1,5.04,0
2026-04-18T10:30:19.951+00:00,2,2.67,0
2026-04-18T10:30:19.951+00:00,3,1.78,0
2026-04-18T10:30:19.951+00:00,4,7.07,0
2026-04-18T10:30:19.951+00:00,5,2.62,0
2026-04-18T10:30:19.951+00:00,6,1.75,0
2026-04-18T10:30:19.951+00:00,7,1.6,0
2026-04-18T10:30:19.951+00:00,8,6.35,0
2026-04-18T10:30:21.954+00:00,1,5.04,0
2026-04-18T10:30:21.954+00:00,2,2.61,0
2026-04-18T10:30:21.954+00:00,3,1.82,0
2026-04-18T10:30:21.954+00:00,4,7.09,0
2026-04-18T10:30:21.954+00:00,5,2.62,0
2026-04-18T10:30:21.954+00:00,6,13.28,1
2026-04-18T10:30:21.954+00:00,7,1.5,0
2026-04-18T10:30:21.954+00:00,8,6.39,0
2026-04-18T10:30:23.956+00:00,1,1.64,0
2026-04-18T10:30:23.956+00:00,2,2.6,0
2026-04-18T10:30:23.956+00:00,3,1.79,0
2026-04-18T10:30:23.956+00:00,4,7.0,0
2026-04-18T10:30:23.956+00:00,5,2.62,0
2026-04-18T10:30:23.956+00:00,6,12.92,1
2026-04-18T10:30:23.956+00:00,7,1.44,0
2026-04-18T10:30:23.956+00:00,8,6.5,0
2026-04-18T10:30:25.958+00:00,1,1.53,0
2026-04-18T10:30:25.958+00:00,2,2.6,0
2026-04-18T10:30:25.958+00:00,3,1.73,0
2026-04-18T10:30:25.958+00:00,4,6.84,0
2026-04-18T10:30:25.958+00:00,5,2.62,0
2026-04-18T10:30:25.958+00:00,6,14.09,1
2026-04-18T10:30:25.958+00:00,7,1.58,0
2026-04-18T10:30:25.958+00:00,8,6.4,0
2026-04-18T10:30:27.962+00:00,1,1.57,0
2026-04-18T10:30:27.962+00:00,2,2.58,0
2026-04-18T10:30:27.962+00:00,3,1.84,0
2026-04-18T10:30:27.962+00:00,4,7.0,0
2026-04-18T10:30:27.962+00:00,5,2.62,0
2026-04-18T10:30:27.962+00:00,6,12.24,1
2026-04-18T10:30:27.962+00:00,7,1.62,0
2026-04-18T10:30:27.962+00:00,8,6.4,0
2026-04-18T10:30:29.966+00:00,1,1.62,0
2026-04-18T10:30:29.966+00:00,2,2.58,0
2026-04-18T10:30:29.966+00:00,3,1.79,0
2026-04-18T10:30:29.966+00:00,4,6.91,0
2026-04-18T10:30:29.966+00:00,5,2.62,0
2026-04-18T10:30:29.966+00:00,6,0.88,1
2026-04-18T10:30:29.966+00:00,7,1.57,0
2026-04-18T10:30:29.966+00:00,8,6.63,0
2026-04-18T10:30:31.970+00:00,1,1.54,0
2026-04-18T10:30:31.970+00:00,2,2.59,0
2026-04-18T10:30:31.970+00:00,3,1.76,0
2026-04-18T10:30:31.970+00:00,4,6.89,0
2026-04-18T10:30:31.970+00:00,5,2.62,0
2026-04-18T10:30:31.970+00:00,6,0.25,1
2026-04-18T10:30:31.970+00:00,7,1.55,0
2026-04-18T10:30:31.970+00:00,8,6.61,0
2026-04-18T10:30:33.972+00:00,1,1.7,0
2026-04-18T10:30:33.972+00:00,2,2.66,0
2026-04-18T10:30:33.972+00:00,3,1.92,0
2026-04-18T10:30:33.972+00:00,4,7.02,0
2026-04-18T10:30:33.972+00:00,5,2.62,0
2026-04-18T10:30:33.972+00:00,6,0.39,1
2026-04-18T10:30:33.972+00:00,7,1.48,0
2026-04-18T10:30:33.972+00:00,8,6.53,0
2026-04-18T10:30:35.976+00:00,1,1.55,0
2026-04-18T10:30:35.976+00:00,2,2.66,0
2026-04-18T10:30:35.976+00:00,3,1.88,0
2026-04-18T10:30:35.976+00:00,4,7.13,0
2026-04-18T10:30:35.976+00:00,5,2.62,0
2026-04-18T10:30:35.976+00:00,6,13.86,1
2026-04-18T10:30:35.976+00:00,7,1.61,0
2026-04-18T10:30:35.976+00:00,8,6.4,0
2026-04-18T10:30:37.981+00:00,1,1.55,0
2026-04-18T10:30:37.981+00:00,2,2.63,0
2026-04-18T10:30:37.981+00:00,3,1.85,0
2026-04-18T10:30:37.981+00:00,4,6.81,0
2026-04-18T10:30:37.981+00:00,5,2.62,0
2026-04-18T10:30:37.981+00:00,6,2.32,0
2026-04-18T10:30:37.981+00:00,7,1.57,0
2026-04-18T10:30:37.981+00:00,8,6.41,0
2026-04-18T10:30:39.985+00:00,1,1.72,0
2026-04-18T10:30:39.985+00:00,2,2.68,0
2026-04-18T10:30:39.985+00:00,3,1.74,0
2026-04-18T10:30:39.985+00:00,4,6.91,0
2026-04-18T10:30:39.985+00:00,5,2.62,0
2026-04-18T10:30:39.985+00:00,6,2.18,0
2026-04-18T10:30:39.985+00:00,7,1.46,0
2026-04-18T10:30:39.985+00:00,8,6.44,0
2026-04-18T10:30:41.990+00:00,1,1.72,0
2026-04-18T10:30:41.990+00:00,2,2.71,0
2026-04-18T10:30:41.990+00:00,3,1.88,0
2026-04-18T10:30:41.990+00:00,4,6.93,0
2026-04-18T10:30:41.990+00:00,5,2.62,0
2026-04-18T10:30:41.990+00:00,6,2.21,0
2026-04-18T10:30:41.990+00:00,7,1.57,0
2026-04-18T10:30:41.990+00:00,8,6.33,0
2026-04-18T10:30:43.995+00:00,1,1.64,0
2026-04-18T10:30:43.995+00:00,2,2.58,0
2026-04-18T10:30:43.995+00:00,3,1.88,0
2026-04-18T10:30:43.995+00:00,4,6.99,0
2026-04-18T10:30:43.995+00:00,5,7.35,0
2026-04-18T10:30:43.995+00:00,6,2.25,0
2026-04-18T10:30:43.995+00:00,7,1.45,0
2026-04-18T10:30:43.995+00:00,8,6.52,0
2026-04-18T10:30:45.999+00:00,1,1.61,0
2026-04-18T10:30:45.999+00:00,2,2.58,0
2026-04-18T10:30:45.999+00:00,3,1.83,0
2026-04-18T10:30:45.999+00:00,4,6.86,0
2026-04-18T10:30:45.999+00:00,5,7.25,0
2026-04-18T10:30:45.999+00:00,6,2.2,0
2026-04-18T10:30:45.999+00:00,7,1.6,0
2026-04-18T10:30:45.999+00:00,8,6.35,0
2026-04-18T10:30:48.002+00:00,1,1.67,0
2026-04-18T10:30:48.002+00:00,2,2.66,0
2026-04-18T10:30:48.002+00:00,3,1.5,1
2026-04-18T10:30:48.002+00:00,4,7.02,0
2026-04-18T10:30:48.002+00:00,5,7.25,0
2026-04-18T10:30:48.002+00:00,6,2.22,0
2026-04-18T10:30:48.002+00:00,7,1.52,0
2026-04-18T10:30:48.002+00:00,8,6.54,0
2026-04-18T10:30:50.006+00:00,1,1.65,0
2026-04-18T10:30:50.006+00:00,2,2.58,0
2026-04-18T10:30:50.006+00:00,3,7.5,1
2026-04-18T10:30:50.006+00:00,4,7.13,0
2026-04-18T10:30:50.006+00:00,5,7.26,0
2026-04-18T10:30:50.006+00:00,6,2.29,0
2026-04-18T10:30:50.006+00:00,7,1.52,0
2026-04-18T10:30:50.006+00:00,8,6.65,0
2026-04-18T10:30:52.011+00:00,1,1.57,0
2026-04-18T10:30:52.011+00:00,2,2.63,0
2026-04-18T10:30:52.011+00:00,3,1.5,1
2026-04-18T10:30:52.011+00:00,4,7.04,0
2026-04-18T10:30:52.011+00:00,5,7.26,0
2026-04-18T10:30:52.011+00:00,6,2.18,0
2026-04-18T10:30:52.011+00:00,7,1.47,0
2026-04-18T10:30:52.011+00:00,8,5.42,0
2026-04-18T10:30:54.014+00:00,1,1.71,0
2026-04-18T10:30:54.014+00:00,2,2.57,0
2026-04-18T10:30:54.014+00:00,3,7.5,1
2026-04-18T10:30:54.014+00:00,4,6.81,0
2026-04-18T10:30:54.014+00:00,5,7.32,0
2026-04-18T10:30:54.014+00:00,6,2.15,0
2026-04-18T10:30:54.014+00:00,7,1.63,0
2026-04-18T10:30:54.014+00:00,8,4.22,0
2026-04-18T10:30:56.019+00:00,1,1.57,0
2026-04-18T10:30:56.019+00:00,2,2.67,0
2026-04-18T10:30:56.019+00:00,3,1.5,1
2026-04-18T10:30:56.019+00:00,4,6.75,0
2026-04-18T10:30:56.019+00:00,5,7.3,0
2026-04-18T10:30:56.019+00:00,6,2.23,0
2026-04-18T10:30:56.019+00:00,7,1.47,0
2026-04-18T10:30:56.019+00:00,8,3.72,0
2026-04-18T10:30:58.025+00:00,1,1.64,0
2026-04-18T10:30:58.025+00:00,2,2.66,0
2026-04-18T10:30:58.025+00:00,3,7.5,1
2026-04-18T10:30:58.025+00:00,4,6.9,0
2026-04-18T10:30:58.025+00:00,5,7.35,0
2026-04-18T10:30:58.025+00:00,6,2.19,0
2026-04-18T10:30:58.025+00:00,7,1.53,0
2026-04-18T10:30:58.025+00:00,8,2.73,0
2026-04-18T10:31:00.028+00:00,1,1.67,0
2026-04-18T10:31:00.028+00:00,2,2.54,0
2026-04-18T10:31:00.028+00:00,3,1.5,1
2026-04-18T10:31:00.028+00:00,4,6.97,0
2026-04-18T10:31:00.028+00:00,5,7.15,0
2026-04-18T10:31:00.028+00:00,6,2.25,0
2026-04-18T10:31:00.028+00:00,7,1.45,0
2026-04-18T10:31:00.028+00:00,8,2.27,0
2026-04-18T10:31:02.033+00:00,1,1.69,0
2026-04-18T10:31:02.033+00:00,2,2.53,0
2026-04-18T10:31:02.033+00:00,3,7.5,1
2026-04-18T10:31:02.033+00:00,4,6.96,0
2026-04-18T10:31:02.033+00:00,5,7.28,0
2026-04-18T10:31:02.033+00:00,6,2.33,0
2026-04-18T10:31:02.033+00:00,7,1.62,0
2026-04-18T10:31:02.033+00:00,8,2.36,0
2026-04-18T10:31:04.039+00:00,1,1.56,0
2026-04-18T10:31:04.039+00:00,2,2.67,0
2026-04-18T10:31:04.039+00:00,3,1.5,1
2026-04-18T10:31:04.039+00:00,4,6.96,0
2026-04-18T10:31:04.039+00:00,5,7.32,0
2026-04-18T10:31:04.039+00:00,6,2.28,0
2026-04-18T10:31:04.039+00:00,7,1.62,0
2026-04-18T10:31:04.039+00:00,8,2.18,0
2026-04-18T10:31:06.045+00:00,1,1.61,0
2026-04-18T10:31:06.045+00:00,2,2.67,0
2026-04-18T10:31:06.045+00:00,3,7.5,1
2026-04-18T10:31:06.045+00:00,4,7.07,0
2026-04-18T10:31:06.045+00:00,5,7.03,0
2026-04-18T10:31:06.045+00:00,6,2.21,0
2026-04-18T10:31:06.045+00:00,7,1.56,0
2026-04-18T10:31:06.045+00:00,8,2.3,0
2026-04-18T10:31:08.052+00:00,1,1.63,0
2026-04-18T10:31:08.052+00:00,2,2.55,0
2026-04-18T10:31:08.052+00:00,3,7.03,0
2026-04-18T10:31:08.052+00:00,4,6.86,0
2026-04-18T10:31:08.052+00:00,5,7.07,0
2026-04-18T10:31:08.052+00:00,6,2.17,0
2026-04-18T10:31:08.052+00:00,7,1.46,0
2026-04-18T10:31:08.052+00:00,8,2.18,0
2026-04-18T10:31:10.054+00:00,1,1.67,0
2026-04-18T10:31:10.054+00:00,2,2.56,0
2026-04-18T10:31:10.054+00:00,3,7.17,0
2026-04-18T10:31:10.054+00:00,4,7.12,0
2026-04-18T10:31:10.054+00:00,5,7.07,0
2026-04-18T10:31:10.054+00:00,6,2.23,0
2026-04-18T10:31:10.054+00:00,7,1.5,0
2026-04-18T10:31:10.054+00:00,8,2.27,0
2026-04-18T10:31:12.058+00:00,1,1.59,0
2026-04-18T10:31:12.058+00:00,2,2.56,0
2026-04-18T10:31:12.058+00:00,3,7.1,0
2026-04-18T10:31:12.058+00:00,4,6.87,0
2026-04-18T10:31:12.058+00:00,5,7.17,0
2026-04-18T10:31:12.058+00:00,6,2.3,0
2026-04-18T10:31:12.058+00:00,7,1.58,0
2026-04-18T10:31:12.058+00:00,8,2.35,0
2026-04-18T10:31:14.060+00:00,1,1.54,0
2026-04-18T10:31:14.060+00:00,2,7.25,0
2026-04-18T10:31:14.060+00:00,3,6.87,0
2026-04-18T10:31:14.060+00:00,4,6.89,0
2026-04-18T10:31:14.060+00:00,5,4.76,0
2026-04-18T10:31:14.060+00:00,6,3.37,0
2026-04-18T10:31:14.060+00:00,7,5.37,0
2026-04-18T10:31:14.060+00:00,8,2.19,0
2026-04-18T10:31:16.062+00:00,1,1.55,0
2026-04-18T10:31:16.062+00:00,2,7.01,0
2026-04-18T10:31:16.062+00:00,3,7.14,0
2026-04-18T10:31:16.062+00:00,4,7.08,0
2026-04-18T10:31:16.062+00:00,5,4.76,0
2026-04-18T10:31:16.062+00:00,6,3.37,0
2026-04-18T10:31:16.062+00:00,7,5.37,0
2026-04-18T10:31:16.062+00:00,8,2.3,0
2026-04-18T10:31:18.064+00:00,1,1.57,0
2026-04-18T10:31:18.064+00:00,2,7.1,0
2026-04-18T10:31:18.064+00:00,3,7.08,0
2026-04-18T10:31:18.064+00:00,4,6.05,0
2026-04-18T10:31:18.064+00:00,5,4.76,0
2026-04-18T10:31:18.064+00:00,6,3.37,0
2026-04-18T10:31:18.064+00:00,7,5.37,0
2026-04-18T10:31:18.064+00:00,8,2.23,0
2026-04-18T10:31:20.069+00:00,1,1.68,0
2026-04-18T10:31:20.069+00:00,2,7.19,0
2026-04-18T10:31:20.069+00:00,3,7.2,0
2026-04-18T10:31:20.069+00:00,4,5.38,0
2026-04-18T10:31:20.069+00:00,5,4.76,0
2026-04-18T10:31:20.069+00:00,6,3.37,0
2026-04-18T10:31:20.069+00:00,7,5.37,0
2026-04-18T10:31:20.069+00:00,8,2.37,0
2026-04-18T10:31:22.071+00:00,1,1.61,0
2026-04-18T10:31:22.071+00:00,2,7.23,0
2026-04-18T10:31:22.071+00:00,3,6.87,0
2026-04-18T10:31:22.071+00:00,4,4.61,0
2026-04-18T10:31:22.071+00:00,5,4.76,0
2026-04-18T10:31:22.071+00:00,6,3.37,0
2026-04-18T10:31:22.071+00:00,7,5.37,0
2026-04-18T10:31:22.071+00:00,8,2.26,0
2026-04-18T10:31:24.073+00:00,1,1.65,0
2026-04-18T10:31:24.073+00:00,2,6.91,0
2026-04-18T10:31:24.073+00:00,3,6.84,0
2026-04-18T10:31:24.073+00:00,4,3.43,0
2026-04-18T10:31:24.073+00:00,5,4.76,0
2026-04-18T10:31:24.073+00:00,6,3.37,0
2026-04-18T10:31:24.073+00:00,7,5.37,0
2026-04-18T10:31:24.073+00:00,8,2.2,0
2026-04-18T10:31:26.076+00:00,1,1.66,0
2026-04-18T10:31:26.076+00:00,2,7.09,0
2026-04-18T10:31:26.076+00:00,3,7.19,0
2026-04-18T10:31:26.076+00:00,4,2.76,0
2026-04-18T10:31:26.076+00:00,5,4.76,0
2026-04-18T10:31:26.076+00:00,6,3.37,0
2026-04-18T10:31:26.076+00:00,7,5.37,0
2026-04-18T10:31:26.076+00:00,8,2.29,0
2026-04-18T10:31:28.078+00:00,1,1.67,0
2026-04-18T10:31:28.078+00:00,2,7.22,0
2026-04-18T10:31:28.078+00:00,3,7.14,0
2026-04-18T10:31:28.078+00:00,4,2.85,0
2026-04-18T10:31:28.078+00:00,5,4.76,0
2026-04-18T10:31:28.078+00:00,6,3.37,0
2026-04-18T10:31:28.078+00:00,7,5.37,0
2026-04-18T10:31:28.078+00:00,8,2.34,0
2026-04-18T10:31:30.081+00:00,1,1.58,0
2026-04-18T10:31:30.081+00:00,2,7.08,0
2026-04-18T10:31:30.081+00:00,3,7.21,0
2026-04-18T10:31:30.081+00:00,4,2.77,0
2026-04-18T10:31:30.081+00:00,5,4.76,0
2026-04-18T10:31:30.081+00:00,6,3.37,0
2026-04-18T10:31:30.081+00:00,7,5.37,0
2026-04-18T10:31:30.081+00:00,8,2.19,0
2026-04-18T10:31:32.083+00:00,1,1.67,0
2026-04-18T10:31:32.083+00:00,2,7.04,0
2026-04-18T10:31:32.083+00:00,3,6.85,0
2026-04-18T10:31:32.083+00:00,4,2.76,0
2026-04-18T10:31:32.083+00:00,5,4.76,0
2026-04-18T10:31:32.083+00:00,6,3.37,0
2026-04-18T10:31:32.083+00:00,7,5.37,0
2026-04-18T10:31:32.083+00:00,8,2.17,0
2026-04-18T10:31:34.086+00:00,1,1.6,0
2026-04-18T10:31:34.086+00:00,2,6.99,0
2026-04-18T10:31:34.086+00:00,3,6.85,0
2026-04-18T10:31:34.086+00:00,4,2.72,0
2026-04-18T10:31:34.086+00:00,5,4.76,0
2026-04-18T10:31:34.086+00:00,6,3.37,0
2026-04-18T10:31:34.086+00:00,7,5.37,0
2026-04-18T10:31:34.086+00:00,8,2.2,0
2026-04-18T10:31:36.089+00:00,1,1.66,0
2026-04-18T10:31:36.089+00:00,2,6.42,0
2026-04-18T10:31:36.089+00:00,3,6.97,0
2026-04-18T10:31:36.089+00:00,4,2.81,0
2026-04-18T10:31:36.089+00:00,5,4.76,0
2026-04-18T10:31:36.089+00:00,6,3.37,0
2026-04-18T10:31:36.089+00:00,7,5.37,0
2026-04-18T10:31:36.089+00:00,8,2.3,0
2026-04-18T10:31:38.092+00:00,1,1.6,0
2026-04-18T10:31:38.092+00:00,2,6.42,0
2026-04-18T10:31:38.092+00:00,3,7.08,0
2026-04-18T10:31:38.092+00:00,4,2.78,0
2026-04-18T10:31:38.092+00:00,5,4.76,0
2026-04-18T10:31:38.092+00:00,6,3.37,0
2026-04-18T10:31:38.092+00:00,7,5.37,0
2026-04-18T10:31:38.092+00:00,8,2.2,0
2026-04-18T10:31:40.094+00:00,1,1.56,0
2026-04-18T10:31:40.094+00:00,2,6.42,0
2026-04-18T10:31:40.094+00:00,3,6.88,0
2026-04-18T10:31:40.094+00:00,4,2.83,0
2026-04-18T10:31:40.094+00:00,5,4.76,0
2026-04-18T10:31:40.094+00:00,6,3.37,0
2026-04-18T10:31:40.094+00:00,7,5.37,0
2026-04-18T10:31:40.094+00:00,8,2.25,0
2026-04-18T10:31:42.096+00:00,1,1.58,0
2026-04-18T10:31:42.096+00:00,2,6.42,0
2026-04-18T10:31:42.096+00:00,3,6.99,0
2026-04-18T10:31:42.096+00:00,4,2.68,0
2026-04-18T10:31:42.096+00:00,5,4.76,0
2026-04-18T10:31:42.096+00:00,6,3.37,0
2026-04-18T10:31:42.096+00:00,7,5.37,0
2026-04-18T10:31:42.096+00:00,8,2.26,0
2026-04-18T10:31:44.100+00:00,1,1.6,0
2026-04-18T10:31:44.100+00:00,2,6.42,0
2026-04-18T10:31:44.100+00:00,3,6.9,0
2026-04-18T10:31:44.100+00:00,4,2.83,0
2026-04-18T10:31:44.100+00:00,5,4.76,0
2026-04-18T10:31:44.100+00:00,6,3.37,0
2026-04-18T10:31:44.100+00:00,7,5.37,0
2026-04-18T10:31:44.100+00:00,8,2.23,0
2026-04-18T10:31:46.102+00:00,1,1.63,0
2026-04-18T10:31:46.102+00:00,2,6.42,0
2026-04-18T10:31:46.102+00:00,3,7.11,0
2026-04-18T10:31:46.102+00:00,4,2.86,0
2026-04-18T10:31:46.102+00:00,5,4.76,0
2026-04-18T10:31:46.102+00:00,6,3.37,0
2026-04-18T10:31:46.102+00:00,7,5.37,0
2026-04-18T10:31:46.102+00:00,8,2.3,0
2026-04-18T10:31:48.104+00:00,1,1.63,0
2026-04-18T10:31:48.104+00:00,2,6.42,0
2026-04-18T10:31:48.104+00:00,3,7.01,0
2026-04-18T10:31:48.104+00:00,4,2.47,0
2026-04-18T10:31:48.104+00:00,5,4.76,0
2026-04-18T10:31:48.104+00:00,6,3.37,0
2026-04-18T10:31:48.104+00:00,7,5.37,0
2026-04-18T10:31:48.104+00:00,8,2.27,0
2026-04-18T10:31:50.107+00:00,1,1.6,0
2026-04-18T10:31:50.107+00:00,2,6.42,0
2026-04-18T10:31:50.107+00:00,3,7.06,0
2026-04-18T10:31:50.107+00:00,4,2.47,0
2026-04-18T10:31:50.107+00:00,5,4.76,0
2026-04-18T10:31:50.107+00:00,6,3.37,0
2026-04-18T10:31:50.107+00:00,7,5.37,0
2026-04-18T10:31:50.107+00:00,8,2.23,0
2026-04-18T10:31:52.109+00:00,1,1.54,0
2026-04-18T10:31:52.109+00:00,2,6.42,0
2026-04-18T10:31:52.109+00:00,3,7.11,0
2026-04-18T10:31:52.109+00:00,4,2.47,0
2026-04-18T10:31:52.109+00:00,5,4.76,0
2026-04-18T10:31:52.109+00:00,6,3.37,0
2026-04-18T10:31:52.109+00:00,7,5.37,0
2026-04-18T10:31:52.109+00:00,8,2.17,0
2026-04-18T10:31:54.114+00:00,1,1.58,0
2026-04-18T10:31:54.114+00:00,2,6.42,0
2026-04-18T10:31:54.114+00:00,3,6.96,0
2026-04-18T10:31:54.114+00:00,4,2.47,0
2026-04-18T10:31:54.114+00:00,5,4.76,0
2026-04-18T10:31:54.114+00:00,6,3.37,0
2026-04-18T10:31:54.114+00:00,7,5.37,0
2026-04-18T10:31:54.114+00:00,8,2.29,0
2026-04-18T10:31:56.116+00:00,1,1.67,0
2026-04-18T10:31:56.116+00:00,2,6.42,0
2026-04-18T10:31:56.116+00:00,3,6.96,0
2026-04-18T10:31:56.116+00:00,4,2.47,0
2026-04-18T10:31:56.116+00:00,5,4.76,0
2026-04-18T10:31:56.116+00:00,6,3.37,0
2026-04-18T10:31:56.116+00:00,7,5.37,0
2026-04-18T10:31:56.116+00:00,8,2.36,0
2026-04-18T10:31:58.120+00:00,1,6.3,0
2026-04-18T10:31:58.120+00:00,2,6.42,0
2026-04-18T10:31:58.120+00:00,3,7.17,0
2026-04-18T10:31:58.120+00:00,4,2.47,0
2026-04-18T10:31:58.120+00:00,5,4.76,0
2026-04-18T10:31:58.120+00:00,6,3.37,0
2026-04-18T10:31:58.120+00:00,7,5.37,0
2026-04-18T10:31:58.120+00:00,8,2.28,0
2026-04-18T10:32:00.123+00:00,1,6.23,0
2026-04-18T10:32:00.123+00:00,2,6.42,0
2026-04-18T10:32:00.123+00:00,3,7.18,0
2026-04-18T10:32:00.123+00:00,4,2.47,0
2026-04-18T10:32:00.123+00:00,5,2.93,0
2026-04-18T10:32:00.123+00:00,6,3.37,0
2026-04-18T10:32:00.123+00:00,7,5.37,0
2026-04-18T10:32:00.123+00:00,8,2.23,0
2026-04-18T10:32:02.126+00:00,1,6.31,0
2026-04-18T10:32:02.126+00:00,2,6.42,0
2026-04-18T10:32:02.126+00:00,3,7.1,0
2026-04-18T10:32:02.126+00:00,4,2.47,0
2026-04-18T10:32:02.126+00:00,5,2.93,0
2026-04-18T10:32:02.126+00:00,6,3.37,0
2026-04-18T10:32:02.126+00:00,7,5.37,0
2026-04-18T10:32:02.126+00:00,8,2.2,0
2026-04-18T10:32:04.128+00:00,1,6.31,0
2026-04-18T10:32:04.128+00:00,2,6.42,0
2026-04-18T10:32:04.128+00:00,3,6.82,0
2026-04-18T10:32:04.128+00:00,4,2.47,0
2026-04-18T10:32:04.128+00:00,5,2.9,0
2026-04-18T10:32:04.128+00:00,6,3.37,0
2026-04-18T10:32:04.128+00:00,7,7.29,0
2026-04-18T10:32:04.128+00:00,8,2.19,0
2026-04-18T10:32:06.131+00:00,1,6.0,0
2026-04-18T10:32:06.131+00:00,2,6.42,0
2026-04-18T10:32:06.131+00:00,3,7.18,0
2026-04-18T10:32:06.131+00:00,4,2.47,0
2026-04-18T10:32:06.131+00:00,5,2.88,0
2026-04-18T10:32:06.131+00:00,6,3.37,0
2026-04-18T10:32:06.131+00:00,7,7.25,0
2026-04-18T10:32:06.131+00:00,8,2.3,0
2026-04-18T10:32:08.134+00:00,1,6.19,0
2026-04-18T10:32:08.134+00:00,2,6.42,0
2026-04-18T10:32:08.134+00:00,3,7.03,0
2026-04-18T10:32:08.134+00:00,4,2.47,0
2026-04-18T10:32:08.134+00:00,5,2.9,0
2026-04-18T10:32:08.134+00:00,6,3.37,0
2026-04-18T10:32:08.134+00:00,7,7.23,0
2026-04-18T10:32:08.134+00:00,8,2.34,0
2026-04-18T10:32:10.137+00:00,1,6.21,0
2026-04-18T10:32:10.137+00:00,2,6.42,0
2026-04-18T10:32:10.137+00:00,3,6.83,0
2026-04-18T10:32:10.137+00:00,4,2.47,0
2026-04-18T10:32:10.137+00:00,5,2.89,0
2026-04-18T10:32:10.137+00:00,6,6.14,0
2026-04-18T10:32:10.137+00:00,7,7.38,0
2026-04-18T10:32:10.137+00:00,8,2.26,0
2026-04-18T10:32:12.140+00:00,1,6.29,0
2026-04-18T10:32:12.140+00:00,2,6.42,0
2026-04-18T10:32:12.140+00:00,3,6.84,0
2026-04-18T10:32:12.140+00:00,4,2.47,0
2026-04-18T10:32:12.140+00:00,5,2.87,0
2026-04-18T10:32:12.140+00:00,6,6.22,0
2026-04-18T10:32:12.140+00:00,7,7.26,0
2026-04-18T10:32:12.140+00:00,8,2.31,0
2026-04-18T10:32:14.142+00:00,1,6.02,0
2026-04-18T10:32:14.142+00:00,2,6.42,0
2026-04-18T10:32:14.142+00:00,3,6.39,0
2026-04-18T10:32:14.142+00:00,4,2.47,0
2026-04-18T10:32:14.142+00:00,5,2.96,0
2026-04-18T10:32:14.142+00:00,6,0.76,1
2026-04-18T10:32:14.142+00:00,7,7.6,0
2026-04-18T10:32:14.142+00:00,8,2.22,0
2026-04-18T10:32:16.145+00:00,1,6.13,0
2026-04-18T10:32:16.145+00:00,2,6.42,0
2026-04-18T10:32:16.145+00:00,3,5.24,0
2026-04-18T10:32:16.145+00:00,4,2.47,0
2026-04-18T10:32:16.145+00:00,5,2.84,0
2026-04-18T10:32:16.145+00:00,6,0.46,1
2026-04-18T10:32:16.145+00:00,7,7.47,0
2026-04-18T10:32:16.145+00:00,8,6.13,0
2026-04-18T10:32:18.149+00:00,1,6.32,0
2026-04-18T10:32:18.149+00:00,2,6.42,0
2026-04-18T10:32:18.149+00:00,3,4.36,0
2026-04-18T10:32:18.149+00:00,4,2.47,0
2026-04-18T10:32:18.149+00:00,5,2.98,0
2026-04-18T10:32:18.149+00:00,6,0.32,1
2026-04-18T10:32:18.149+00:00,7,7.31,0
2026-04-18T10:32:18.149+00:00,8,6.33,0
2026-04-18T10:32:20.152+00:00,1,6.1,0
2026-04-18T10:32:20.152+00:00,2,6.42,0
2026-04-18T10:32:20.152+00:00,3,3.59,0
2026-04-18T10:32:20.152+00:00,4,2.47,0
2026-04-18T10:32:20.152+00:00,5,2.81,0
2026-04-18T10:32:20.152+00:00,6,0.55,1
2026-04-18T10:32:20.152+00:00,7,7.3,0
2026-04-18T10:32:20.152+00:00,8,6.0,0
2026-04-18T10:32:22.155+00:00,1,3.01,0
2026-04-18T10:32:22.155+00:00,2,7.02,0
2026-04-18T10:32:22.155+00:00,3,2.99,0
2026-04-18T10:32:22.155+00:00,4,2.47,0
2026-04-18T10:32:22.155+00:00,5,2.99,0
2026-04-18T10:32:22.155+00:00,6,11.75,1
2026-04-18T10:32:22.155+00:00,7,7.28,0
2026-04-18T10:32:22.155+00:00,8,6.31,0
2026-04-18T10:32:24.158+00:00,1,3.01,0
2026-04-18T10:32:24.158+00:00,2,7.19,0
2026-04-18T10:32:24.158+00:00,3,2.07,0
2026-04-18T10:32:24.158+00:00,4,2.47,0
2026-04-18T10:32:24.158+00:00,5,3.0,0
2026-04-18T10:32:24.158+00:00,6,0.58,1
2026-04-18T10:32:24.158+00:00,7,7.45,0
2026-04-18T10:32:24.158+00:00,8,6.23,0
2026-04-18T10:32:26.161+00:00,1,3.01,0
2026-04-18T10:32:26.161+00:00,2,7.08,0
2026-04-18T10:32:26.161+00:00,3,2.02,0
2026-04-18T10:32:26.161+00:00,4,2.47,0
2026-04-18T10:32:26.161+00:00,5,2.99,0
2026-04-18T10:32:26.161+00:00,6,0.4,1
2026-04-18T10:32:26.161+00:00,7,7.55,0
2026-04-18T10:32:26.161+00:00,8,6.2,0
2026-04-18T10:32:28.165+00:00,1,3.01,0
2026-04-18T10:32:28.165+00:00,2,6.98,0
2026-04-18T10:32:28.165+00:00,3,2.0,0
2026-04-18T10:32:28.165+00:00,4,2.47,0
2026-04-18T10:32:28.165+00:00,5,2.94,0
2026-04-18T10:32:28.165+00:00,6,10.91,1
2026-04-18T10:32:28.165+00:00,7,7.26,0
2026-04-18T10:32:28.165+00:00,8,6.09,0
2026-04-18T10:32:30.168+00:00,1,3.01,0
2026-04-18T10:32:30.168+00:00,2,7.11,0
2026-04-18T10:32:30.168+00:00,3,2.0,0
2026-04-18T10:32:30.168+00:00,4,2.47,0
2026-04-18T10:32:30.168+00:00,5,2.93,0
2026-04-18T10:32:30.168+00:00,6,0.19,1
2026-04-18T10:32:30.168+00:00,7,7.58,0
2026-04-18T10:32:30.168+00:00,8,6.15,0
2026-04-18T10:32:32.171+00:00,1,3.01,0
2026-04-18T10:32:32.171+00:00,2,7.04,0
2026-04-18T10:32:32.171+00:00,3,2.0,0
2026-04-18T10:32:32.171+00:00,4,1.55,0
2026-04-18T10:32:32.171+00:00,5,2.88,0
2026-04-18T10:32:32.171+00:00,6,0.53,1
2026-04-18T10:32:32.171+00:00,7,7.31,0
2026-04-18T10:32:32.171+00:00,8,6.29,0
2026-04-18T10:32:34.174+00:00,1,3.01,0
2026-04-18T10:32:34.174+00:00,2,7.33,0
2026-04-18T10:32:34.174+00:00,3,2.17,0
2026-04-18T10:32:34.174+00:00,4,1.56,0
2026-04-18T10:32:34.174+00:00,5,2.92,0
2026-04-18T10:32:34.174+00:00,6,14.58,1
2026-04-18T10:32:34.174+00:00,7,7.35,0
2026-04-18T10:32:34.174+00:00,8,6.3,0
2026-04-18T10:32:36.176+00:00,1,3.01,0
2026-04-18T10:32:36.176+00:00,2,7.18,0
2026-04-18T10:32:36.176+00:00,3,2.16,0
2026-04-18T10:32:36.176+00:00,4,1.55,0
2026-04-18T10:32:36.176+00:00,5,2.91,0
2026-04-18T10:32:36.176+00:00,6,6.69,0
2026-04-18T10:32:36.176+00:00,7,7.49,0
2026-04-18T10:32:36.176+00:00,8,6.29,0
2026-04-18T10:32:38.179+00:00,1,3.01,0
2026-04-18T10:32:38.179+00:00,2,1.5,1
2026-04-18T10:32:38.179+00:00,3,2.07,0
2026-04-18T10:32:38.179+00:00,4,1.72,0
2026-04-18T10:32:38.179+00:00,5,2.88,0
2026-04-18T10:32:38.179+00:00,6,6.76,0
2026-04-18T10:32:38.179+00:00,7,7.52,0
2026-04-18T10:32:38.179+00:00,8,6.14,0
2026-04-18T10:32:40.183+00:00,1,3.01,0
2026-04-18T10:32:40.183+00:00,2,7.5,1
2026-04-18T10:32:40.183+00:00,3,2.15,0
2026-04-18T10:32:40.183+00:00,4,1.58,0
2026-04-18T10:32:40.183+00:00,5,2.88,0
2026-04-18T10:32:40.183+00:00,6,6.68,0
2026-04-18T10:32:40.183+00:00,7,7.29,0
2026-04-18T10:32:40.183+00:00,8,6.07,0
2026-04-18T10:32:42.186+00:00,1,3.01,0
2026-04-18T10:32:42.186+00:00,2,1.5,1
2026-04-18T10:32:42.186+00:00,3,2.14,0
2026-04-18T10:32:42.186+00:00,4,1.7,0
2026-04-18T10:32:42.186+00:00,5,2.99,0
2026-04-18T10:32:42.186+00:00,6,13.05,1
2026-04-18T10:32:42.186+00:00,7,7.46,0
2026-04-18T10:32:42.186+00:00,8,6.21,0
2026-04-18T10:32:44.190+00:00,1,3.01,0
2026-04-18T10:32:44.190+00:00,2,7.5,1
2026-04-18T10:32:44.190+00:00,3,2.13,0
2026-04-18T10:32:44.190+00:00,4,1.53,0
2026-04-18T10:32:44.190+00:00,5,2.94,0
2026-04-18T10:32:44.190+00:00,6,0.89,1
2026-04-18T10:32:44.190+00:00,7,7.33,0
2026-04-18T10:32:44.190+00:00,8,6.14,0
2026-04-18T10:32:46.193+00:00,1,3.01,0
2026-04-18T10:32:46.193+00:00,2,1.5,1
2026-04-18T10:32:46.193+00:00,3,2.1,0
2026-04-18T10:32:46.193+00:00,4,1.61,0
2026-04-18T10:32:46.193+00:00,5,2.94,0
2026-04-18T10:32:46.193+00:00,6,13.95,1
2026-04-18T10:32:46.193+00:00,7,7.34,0
2026-04-18T10:32:46.193+00:00,8,6.28,0
2026-04-18T10:32:48.198+00:00,1,3.01,0
2026-04-18T10:32:48.198+00:00,2,7.5,1
2026-04-18T10:32:48.198+00:00,3,2.15,0
2026-04-18T10:32:48.198+00:00,4,1.6,0
2026-04-18T10:32:48.198+00:00,5,2.89,0
2026-04-18T10:32:48.198+00:00,6,0.79,1
2026-04-18T10:32:48.198+00:00,7,7.47,0
2026-04-18T10:32:48.198+00:00,8,6.13,0
2026-04-18T10:32:50.202+00:00,1,3.01,0
2026-04-18T10:32:50.202+00:00,2,1.5,1
2026-04-18T10:32:50.202+00:00,3,2.08,0
2026-04-18T10:32:50.202+00:00,4,1.7,0
2026-04-18T10:32:50.202+00:00,5,2.8,0
2026-04-18T10:32:50.202+00:00,6,0.72,1
2026-04-18T10:32:50.202+00:00,7,7.42,0
2026-04-18T10:32:50.202+00:00,8,6.1,0
2026-04-18T10:32:52.206+00:00,1,3.01,0
2026-04-18T10:32:52.206+00:00,2,7.5,1
2026-04-18T10:32:52.206+00:00,3,2.15,0
2026-04-18T10:32:52.206+00:00,4,1.57,0
2026-04-18T10:32:52.206+00:00,5,2.82,0
2026-04-18T10:32:52.206+00:00,6,10.92,1
2026-04-18T10:32:52.206+00:00,7,7.43,0
2026-04-18T10:32:52.206+00:00,8,6.29,0
2026-04-18T10:32:54.209+00:00,1,3.01,0
2026-04-18T10:32:54.209+00:00,2,1.5,1
2026-04-18T10:32:54.209+00:00,3,2.01,0
2026-04-18T10:32:54.209+00:00,4,1.56,0
2026-04-18T10:32:54.209+00:00,5,2.92,0
2026-04-18T10:32:54.209+00:00,6,2.95,0
2026-04-18T10:32:54.209+00:00,7,7.24,0
2026-04-18T10:32:54.209+00:00,8,6.08,0
2026-04-18T10:32:56.212+00:00,1,3.01,0
2026-04-18T10:32:56.212+00:00,2,6.51,0
2026-04-18T10:32:56.212+00:00,3,2.09,0
2026-04-18T10:32:56.212+00:00,4,1.71,0
2026-04-18T10:32:56.212+00:00,5,2.84,0
2026-04-18T10:32:56.212+00:00,6,3.01,0
2026-04-18T10:32:56.212+00:00,7,7.34,0
2026-04-18T10:32:56.212+00:00,8,6.21,0
2026-04-18T10:32:58.215+00:00,1,3.01,0
2026-04-18T10:32:58.215+00:00,2,6.31,0
2026-04-18T10:32:58.215+00:00,3,1.99,0
2026-04-18T10:32:58.215+00:00,4,1.58,0
2026-04-18T10:32:58.215+00:00,5,2.97,0
2026-04-18T10:32:58.215+00:00,6,2.96,0
2026-04-18T10:32:58.215+00:00,7,7.26,0
2026-04-18T10:32:58.215+00:00,8,6.19,0
2026-04-18T10:33:00.218+00:00,1,3.01,0
2026-04-18T10:33:00.218+00:00,2,6.39,0
2026-04-18T10:33:00.218+00:00,3,2.16,0
2026-04-18T10:33:00.218+00:00,4,1.67,0
2026-04-18T10:33:00.218+00:00,5,2.81,0
2026-04-18T10:33:00.218+00:00,6,3.0,0
2026-04-18T10:33:00.218+00:00,7,6.45,0
2026-04-18T10:33:00.218+00:00,8,6.08,0
2026-04-18T10:33:02.221+00:00,1,3.01,0
2026-04-18T10:33:02.221+00:00,2,6.45,0
2026-04-18T10:33:02.221+00:00,3,1.98,0
2026-04-18T10:33:02.221+00:00,4,1.67,0
2026-04-18T10:33:02.221+00:00,5,2.97,0
2026-04-18T10:33:02.221+00:00,6,2.96,0
2026-04-18T10:33:02.221+00:00,7,5.44,0
2026-04-18T10:33:02.221+00:00,8,6.2,0
2026-04-18T10:33:04.223+00:00,1,3.01,0
2026-04-18T10:33:04.223+00:00,2,6.45,0
2026-04-18T10:33:04.223+00:00,3,2.07,0
2026-04-18T10:33:04.223+00:00,4,1.59,0
2026-04-18T10:33:04.223+00:00,5,2.96,0
2026-04-18T10:33:04.223+00:00,6,2.92,0
2026-04-18T10:33:04.223+00:00,7,4.59,0
2026-04-18T10:33:04.223+00:00,8,5.97,0
2026-04-18T10:33:06.226+00:00,1,7.07,0
2026-04-18T10:33:06.226+00:00,2,6.51,0
2026-04-18T10:33:06.226+00:00,3,2.04,0
2026-04-18T10:33:06.226+00:00,4,1.7,0
2026-04-18T10:33:06.226+00:00,5,2.82,0
2026-04-18T10:33:06.226+00:00,6,2.82,0
2026-04-18T10:33:06.226+00:00,7,3.41,0
2026-04-18T10:33:06.226+00:00,8,6.14,0
2026-04-18T10:33:08.230+00:00,1,6.85,0
2026-04-18T10:33:08.230+00:00,2,6.3,0
2026-04-18T10:33:08.230+00:00,3,2.13,0
2026-04-18T10:33:08.230+00:00,4,1.55,0
2026-04-18T10:33:08.230+00:00,5,2.89,0
2026-04-18T10:33:08.230+00:00,6,2.85,0
2026-04-18T10:33:08.230+00:00,7,2.4,0
2026-04-18T10:33:08.230+00:00,8,6.1,0
2026-04-18T10:33:10.232+00:00,1,7.1,0
2026-04-18T10:33:10.232+00:00,2,6.51,0
2026-04-18T10:33:10.232+00:00,3,2.07,0
2026-04-18T10:33:10.232+00:00,4,1.65,0
2026-04-18T10:33:10.232+00:00,5,2.83,0
2026-04-18T10:33:10.232+00:00,6,3.0,0
2026-04-18T10:33:10.232+00:00,7,1.95,0
2026-04-18T10:33:10.232+00:00,8,6.21,0
2026-04-18T10:33:12.235+00:00,1,7.08,0
2026-04-18T10:33:12.235+00:00,2,6.53,0
2026-04-18T10:33:12.235+00:00,3,2.12,0
2026-04-18T10:33:12.235+00:00,4,1.64,0
2026-04-18T10:33:12.235+00:00,5,2.88,0
2026-04-18T10:33:12.235+00:00,6,0.15,1
2026-04-18T10:33:12.235+00:00,7,1.88,0
2026-04-18T10:33:12.235+00:00,8,5.99,0
2026-04-18T10:33:14.238+00:00,1,7.16,0
2026-04-18T10:33:14.238+00:00,2,6.55,0
2026-04-18T10:33:14.238+00:00,3,2.07,0
2026-04-18T10:33:14.238+00:00,4,1.59,0
2026-04-18T10:33:14.238+00:00,5,2.99,0
2026-04-18T10:33:14.238+00:00,6,13.93,1
2026-04-18T10:33:14.238+00:00,7,2.03,0
2026-04-18T10:33:14.238+00:00,8,6.08,0
2026-04-18T10:33:16.241+00:00,1,6.88,0
2026-04-18T10:33:16.241+00:00,2,6.32,0
2026-04-18T10:33:16.241+00:00,3,1.98,0
2026-04-18T10:33:16.241+00:00,4,1.56,0
2026-04-18T10:33:16.241+00:00,5,6.67,0
2026-04-18T10:33:16.241+00:00,6,0.85,1
2026-04-18T10:33:16.241+00:00,7,1.91,0
2026-04-18T10:33:16.241+00:00,8,6.07,0
2026-04-18T10:33:18.245+00:00,1,7.03,0
2026-04-18T10:33:18.245+00:00,2,6.34,0
2026-04-18T10:33:18.245+00:00,3,2.04,0
2026-04-18T10:33:18.245+00:00,4,1.68,0
2026-04-18T10:33:18.245+00:00,5,6.44,0
2026-04-18T10:33:18.245+00:00,6,13.11,1
2026-04-18T10:33:18.245+00:00,7,1.86,0
2026-04-18T10:33:18.245+00:00,8,6.25,0
2026-04-18T10:33:20.247+00:00,1,7.13,0
2026-04-18T10:33:20.247+00:00,2,6.37,0
2026-04-18T10:33:20.247+00:00,3,1.99,0
2026-04-18T10:33:20.247+00:00,4,1.72,0
2026-04-18T10:33:20.247+00:00,5,6.57,0
2026-04-18T10:33:20.247+00:00,6,0.76,1
2026-04-18T10:33:20.247+00:00,7,2.04,0
2026-04-18T10:33:20.247+00:00,8,5.94,0
2026-04-18T10:33:22.251+00:00,1,7.14,0
2026-04-18T10:33:22.251+00:00,2,6.43,0
2026-04-18T10:33:22.251+00:00,3,1.97,0
2026-04-18T10:33:22.251+00:00,4,1.53,0
2026-04-18T10:33:22.251+00:00,5,6.67,0
2026-04-18T10:33:22.251+00:00,6,0.65,1
2026-04-18T10:33:22.251+00:00,7,2.0,0
2026-04-18T10:33:22.251+00:00,8,6.26,0
2026-04-18T10:33:24.253+00:00,1,7.19,0
2026-04-18T10:33:24.253+00:00,2,6.6,0
2026-04-18T10:33:24.253+00:00,3,1.97,0
2026-04-18T10:33:24.253+00:00,4,1.54,0
2026-04-18T10:33:24.253+00:00,5,6.66,0
2026-04-18T10:33:24.253+00:00,6,0.82,1
2026-04-18T10:33:24.253+00:00,7,1.89,0
2026-04-18T10:33:24.253+00:00,8,6.01,0
2026-04-18T10:33:26.255+00:00,1,7.07,0
2026-04-18T10:33:26.255+00:00,2,6.28,0
2026-04-18T10:33:26.255+00:00,3,2.09,0
2026-04-18T10:33:26.255+00:00,4,1.66,0
2026-04-18T10:33:26.255+00:00,5,6.55,0
2026-04-18T10:33:26.255+00:00,6,10.85,1
2026-04-18T10:33:26.255+00:00,7,1.91,0
2026-04-18T10:33:26.255+00:00,8,6.06,0
2026-04-18T10:33:28.258+00:00,1,7.0,0
2026-04-18T10:33:28.258+00:00,2,6.37,0
2026-04-18T10:33:28.258+00:00,3,2.1,0
2026-04-18T10:33:28.258+00:00,4,1.7,0
2026-04-18T10:33:28.258+00:00,5,6.66,0
2026-04-18T10:33:28.258+00:00,6,14.08,1
2026-04-18T10:33:28.258+00:00,7,1.97,0
2026-04-18T10:33:28.258+00:00,8,6.15,0
2026-04-18T10:33:30.261+00:00,1,7.1,0
2026-04-18T10:33:30.261+00:00,2,6.45,0
2026-04-18T10:33:30.261+00:00,3,2.07,0
2026-04-18T10:33:30.261+00:00,4,1.72,0
2026-04-18T10:33:30.261+00:00,5,6.53,0
2026-04-18T10:33:30.261+00:00,6,12.47,1
2026-04-18T10:33:30.261+00:00,7,2.0,0
2026-04-18T10:33:30.261+00:00,8,6.08,0
2026-04-18T10:33:32.265+00:00,1,6.83,0
2026-04-18T10:33:32.265+00:00,2,6.64,0
2026-04-18T10:33:32.265+00:00,3,2.14,0
2026-04-18T10:33:32.265+00:00,4,1.64,0
2026-04-18T10:33:32.265+00:00,5,6.45,0
2026-04-18T10:33:32.265+00:00,6,11.83,1
2026-04-18T10:33:32.265+00:00,7,1.85,0
2026-04-18T10:33:32.265+00:00,8,6.02,0
2026-04-18T10:33:34.268+00:00,1,6.86,0
2026-04-18T10:33:34.268+00:00,2,6.38,0
2026-04-18T10:33:34.268+00:00,3,2.07,0
2026-04-18T10:33:34.268+00:00,4,1.66,0
2026-04-18T10:33:34.268+00:00,5,6.32,0
2026-04-18T10:33:34.268+00:00,6,2.62,0
2026-04-18T10:33:34.268+00:00,7,1.93,0
2026-04-18T10:33:34.268+00:00,8,6.28,0
2026-04-18T10:33:36.272+00:00,1,6.97,0
2026-04-18T10:33:36.272+00:00,2,6.58,0
2026-04-18T10:33:36.272+00:00,3,2.07,0
2026-04-18T10:33:36.272+00:00,4,1.6,0
2026-04-18T10:33:36.272+00:00,5,6.3,0
2026-04-18T10:33:36.272+00:00,6,2.76,0
2026-04-18T10:33:36.272+00:00,7,1.95,0
2026-04-18T10:33:36.272+00:00,8,6.28,0
2026-04-18T10:33:38.275+00:00,1,7.14,0
2026-04-18T10:33:38.275+00:00,2,6.4,0
2026-04-18T10:33:38.275+00:00,3,2.06,0
2026-04-18T10:33:38.275+00:00,4,1.61,0
2026-04-18T10:33:38.275+00:00,5,6.3,0
2026-04-18T10:33:38.275+00:00,6,2.69,0
2026-04-18T10:33:38.275+00:00,7,1.87,0
2026-04-18T10:33:38.275+00:00,8,6.09,0
2026-04-18T10:33:40.277+00:00,1,6.89,0
2026-04-18T10:33:40.277+00:00,2,6.29,0
2026-04-18T10:33:40.277+00:00,3,2.02,0
2026-04-18T10:33:40.277+00:00,4,1.6,0
2026-04-18T10:33:40.277+00:00,5,6.3,0
2026-04-18T10:33:40.277+00:00,6,2.66,0
2026-04-18T10:33:40.277+00:00,7,2.05,0
2026-04-18T10:33:40.277+00:00,8,5.14,0
2026-04-18T10:33:42.279+00:00,1,7.09,0
2026-04-18T10:33:42.279+00:00,2,6.45,0
2026-04-18T10:33:42.279+00:00,3,2.09,0
2026-04-18T10:33:42.279+00:00,4,1.56,0
2026-04-18T10:33:42.279+00:00,5,6.3,0
2026-04-18T10:33:42.279+00:00,6,2.64,0
2026-04-18T10:33:42.279+00:00,7,1.86,0
2026-04-18T10:33:42.279+00:00,8,4.36,0
2026-04-18T10:33:44.281+00:00,1,6.88,0
2026-04-18T10:33:44.281+00:00,2,6.33,0
2026-04-18T10:33:44.281+00:00,3,1.98,0
2026-04-18T10:33:44.281+00:00,4,1.67,0
2026-04-18T10:33:44.281+00:00,5,6.3,0
2026-04-18T10:33:44.281+00:00,6,2.65,0
2026-04-18T10:33:44.281+00:00,7,1.93,0
2026-04-18T10:33:44.281+00:00,8,3.84,0
2026-04-18T10:33:46.283+00:00,1,7.04,0
2026-04-18T10:33:46.283+00:00,2,6.36,0
2026-04-18T10:33:46.283+00:00,3,2.06,0
2026-04-18T10:33:46.283+00:00,4,1.58,0
2026-04-18T10:33:46.283+00:00,5,6.3,0
2026-04-18T10:33:46.283+00:00,6,2.78,0
2026-04-18T10:33:46.283+00:00,7,1.96,0
2026-04-18T10:33:46.283+00:00,8,3.08,0
2026-04-18T10:33:48.286+00:00,1,7.17,0
2026-04-18T10:33:48.286+00:00,2,6.4,0
2026-04-18T10:33:48.286+00:00,3,2.02,0
2026-04-18T10:33:48.286+00:00,4,1.6,0
2026-04-18T10:33:48.286+00:00,5,6.3,0
2026-04-18T10:33:48.286+00:00,6,2.78,0
2026-04-18T10:33:48.286+00:00,7,1.89,0
2026-04-18T10:33:48.286+00:00,8,1.92,0
2026-04-18T10:33:50.288+00:00,1,7.16,0
2026-04-18T10:33:50.288+00:00,2,6.58,0
2026-04-18T10:33:50.288+00:00,3,2.13,0
2026-04-18T10:33:50.288+00:00,4,1.66,0
2026-04-18T10:33:50.288+00:00,5,6.3,0
2026-04-18T10:33:50.288+00:00,6,2.69,0
2026-04-18T10:33:50.288+00:00,7,1.95,0
2026-04-18T10:33:50.288+00:00,8,1.88,0
2026-04-18T10:33:52.291+00:00,1,6.82,0
2026-04-18T10:33:52.291+00:00,2,6.52,0
2026-04-18T10:33:52.291+00:00,3,1.99,0
2026-04-18T10:33:52.291+00:00,4,1.67,0
2026-04-18T10:33:52.291+00:00,5,6.3,0
2026-04-18T10:33:52.291+00:00,6,2.64,0
2026-04-18T10:33:52.291+00:00,7,1.92,0
2026-04-18T10:33:52.291+00:00,8,1.86,0
2026-04-18T10:33:54.294+00:00,1,7.2,0
2026-04-18T10:33:54.294+00:00,2,6.54,0
2026-04-18T10:33:54.294+00:00,3,2.14,0
2026-04-18T10:33:54.294+00:00,4,1.56,0
2026-04-18T10:33:54.294+00:00,5,6.3,0
2026-04-18T10:33:54.294+00:00,6,2.65,0
2026-04-18T10:33:54.294+00:00,7,1.86,0
2026-04-18T10:33:54.294+00:00,8,1.83,0
2026-04-18T10:33:56.295+00:00,1,7.03,0
2026-04-18T10:33:56.295+00:00,2,6.41,0
2026-04-18T10:33:56.295+00:00,3,2.16,0
2026-04-18T10:33:56.295+00:00,4,1.64,0
2026-04-18T10:33:56.295+00:00,5,6.3,0
2026-04-18T10:33:56.295+00:00,6,2.67,0
2026-04-18T10:33:56.295+00:00,7,2.04,0
2026-04-18T10:33:56.295+00:00,8,2.01,0
2026-04-18T10:33:58.299+00:00,1,6.9,0
2026-04-18T10:33:58.299+00:00,2,6.53,0
2026-04-18T10:33:58.299+00:00,3,2.02,0
2026-04-18T10:33:58.299+00:00,4,1.72,0
2026-04-18T10:33:58.299+00:00,5,6.3,0
2026-04-18T10:33:58.299+00:00,6,2.64,0
2026-04-18T10:33:58.299+00:00,7,1.99,0
2026-04-18T10:33:58.299+00:00,8,1.9,0
2026-04-18T10:34:00.303+00:00,1,7.12,0
2026-04-18T10:34:00.303+00:00,2,6.28,0
2026-04-18T10:34:00.303+00:00,3,2.02,0
2026-04-18T10:34:00.303+00:00,4,1.56,0
2026-04-18T10:34:00.303+00:00,5,6.3,0
2026-04-18T10:34:00.303+00:00,6,2.68,0
2026-04-18T10:34:00.303+00:00,7,1.96,0
2026-04-18T10:34:00.303+00:00,8,1.96,0
2026-04-18T10:34:02.305+00:00,1,6.06,0
2026-04-18T10:34:02.305+00:00,2,6.61,0
2026-04-18T10:34:02.305+00:00,3,2.13,0
2026-04-18T10:34:02.305+00:00,4,1.61,0
2026-04-18T10:34:02.305+00:00,5,6.3,0
2026-04-18T10:34:02.305+00:00,6,2.73,0
2026-04-18T10:34:02.305+00:00,7,1.95,0
2026-04-18T10:34:02.305+00:00,8,1.98,0
2026-04-18T10:34:04.307+00:00,1,5.29,0
2026-04-18T10:34:04.307+00:00,2,6.54,0
2026-04-18T10:34:04.307+00:00,3,2.01,0
2026-04-18T10:34:04.307+00:00,4,1.68,0
2026-04-18T10:34:04.307+00:00,5,6.3,0
2026-04-18T10:34:04.307+00:00,6,2.76,0
2026-04-18T10:34:04.307+00:00,7,1.87,0
2026-04-18T10:34:04.307+00:00,8,1.87,0
2026-04-18T10:34:06.311+00:00,1,4.11,0
2026-04-18T10:34:06.311+00:00,2,6.3,0
2026-04-18T10:34:06.311+00:00,3,2.02,0
2026-04-18T10:34:06.311+00:00,4,1.69,0
2026-04-18T10:34:06.311+00:00,5,6.3,0
2026-04-18T10:34:06.311+00:00,6,2.75,0
2026-04-18T10:34:06.311+00:00,7,1.89,0
2026-04-18T10:34:06.311+00:00,8,1.99,0
2026-04-18T10:34:08.313+00:00,1,2.91,0
2026-04-18T10:34:08.313+00:00,2,6.54,0
2026-04-18T10:34:08.313+00:00,3,6.42,0
2026-04-18T10:34:08.313+00:00,4,1.56,0
2026-04-18T10:34:08.313+00:00,5,6.3,0
2026-04-18T10:34:08.313+00:00,6,2.66,0
2026-04-18T10:34:08.313+00:00,7,1.89,0
2026-04-18T10:34:08.313+00:00,8,1.91,0
2026-04-18T10:34:10.315+00:00,1,2.38,0
2026-04-18T10:34:10.315+00:00,2,6.44,0
2026-04-18T10:34:10.315+00:00,3,6.54,0
2026-04-18T10:34:10.315+00:00,4,1.55,0
2026-04-18T10:34:10.315+00:00,5,6.3,0
2026-04-18T10:34:10.315+00:00,6,2.73,0
2026-04-18T10:34:10.315+00:00,7,1.95,0
2026-04-18T10:34:10.315+00:00,8,1.98,0
2026-04-18T10:34:12.319+00:00,1,2.07,0
2026-04-18T10:34:12.319+00:00,2,6.27,0
2026-04-18T10:34:12.319+00:00,3,6.45,0
2026-04-18T10:34:12.319+00:00,4,1.57,0
2026-04-18T10:34:12.319+00:00,5,6.3,0
2026-04-18T10:34:12.319+00:00,6,2.7,0
2026-04-18T10:34:12.319+00:00,7,1.9,0
2026-04-18T10:34:12.319+00:00,8,1.98,0
2026-04-18T10:34:14.322+00:00,1,2.02,0
2026-04-18T10:34:14.322+00:00,2,6.64,0
2026-04-18T10:34:14.322+00:00,3,6.5,0
2026-04-18T10:34:14.322+00:00,4,1.59,0
2026-04-18T10:34:14.322+00:00,5,6.3,0
2026-04-18T10:34:14.322+00:00,6,2.6,0
2026-04-18T10:34:14.322+00:00,7,1.87,0
2026-04-18T10:34:14.322+00:00,8,1.9,0
2026-04-18T10:34:16.325+00:00,1,1.98,0
2026-04-18T10:34:16.325+00:00,2,6.62,0
2026-04-18T10:34:16.325+00:00,3,6.37,0
2026-04-18T10:34:16.325+00:00,4,1.69,0
2026-04-18T10:34:16.325+00:00,5,6.3,0
2026-04-18T10:34:16.325+00:00,6,2.61,0
2026-04-18T10:34:16.325+00:00,7,1.93,0
2026-04-18T10:34:16.325+00:00,8,1.87,0
2026-04-18T10:34:18.327+00:00,1,2.09,0
2026-04-18T10:34:18.327+00:00,2,6.52,0
2026-04-18T10:34:18.327+00:00,3,6.39,0
2026-04-18T10:34:18.327+00:00,4,1.64,0
2026-04-18T10:34:18.327+00:00,5,6.3,0
2026-04-18T10:34:18.327+00:00,6,2.67,0
2026-04-18T10:34:18.327+00:00,7,2.0,0
2026-04-18T10:34:18.327+00:00,8,1.93,0
2026-04-18T10:34:20.330+00:00,1,2.05,0
2026-04-18T10:34:20.330+00:00,2,6.36,0
2026-04-18T10:34:20.330+00:00,3,6.35,0
2026-04-18T10:34:20.330+00:00,4,1.57,0
2026-04-18T10:34:20.330+00:00,5,6.3,0
2026-04-18T10:34:20.330+00:00,6,2.6,0
2026-04-18T10:34:20.330+00:00,7,1.9,0
2026-04-18T10:34:20.330+00:00,8,1.87,0
2026-04-18T10:34:22.333+00:00,1,2.13,0
2026-04-18T10:34:22.333+00:00,2,6.61,0
2026-04-18T10:34:22.333+00:00,3,6.27,0
2026-04-18T10:34:22.333+00:00,4,7.76,0
2026-04-18T10:34:22.333+00:00,5,6.3,0
2026-04-18T10:34:22.333+00:00,6,2.76,0
2026-04-18T10:34:22.333+00:00,7,1.98,0
2026-04-18T10:34:22.333+00:00,8,1.95,0
2026-04-18T10:34:24.336+00:00,1,2.07,0
2026-04-18T10:34:24.336+00:00,2,6.52,0
2026-04-18T10:34:24.336+00:00,3,6.53,0
2026-04-18T10:34:24.336+00:00,4,7.53,0
2026-04-18T10:34:24.336+00:00,5,6.3,0
2026-04-18T10:34:24.336+00:00,6,2.68,0
2026-04-18T10:34:24.336+00:00,7,1.88,0
2026-04-18T10:34:24.336+00:00,8,1.9,0
2026-04-18T10:34:26.338+00:00,1,2.13,0
2026-04-18T10:34:26.338+00:00,2,6.48,0
2026-04-18T10:34:26.338+00:00,3,6.37,0
2026-04-18T10:34:26.338+00:00,4,7.7,0
2026-04-18T10:34:26.338+00:00,5,1.88,0
2026-04-18T10:34:26.338+00:00,6,2.66,0
2026-04-18T10:34:26.338+00:00,7,1.87,0
2026-04-18T10:34:26.338+00:00,8,2.01,0
2026-04-18T10:34:28.341+00:00,1,2.06,0
2026-04-18T10:34:28.341+00:00,2,6.55,0
2026-04-18T10:34:28.341+00:00,3,6.33,0
2026-04-18T10:34:28.341+00:00,4,7.84,0
2026-04-18T10:34:28.341+00:00,5,1.83,0
2026-04-18T10:34:28.341+00:00,6,2.6,0
2026-04-18T10:34:28.341+00:00,7,1.86,0
2026-04-18T10:34:28.341+00:00,8,1.99,0
2026-04-18T10:34:30.343+00:00,1,2.17,0
2026-04-18T10:34:30.343+00:00,2,6.29,0
2026-04-18T10:34:30.343+00:00,3,6.27,0
2026-04-18T10:34:30.343+00:00,4,7.62,0
2026-04-18T10:34:30.343+00:00,5,1.79,0
2026-04-18T10:34:30.343+00:00,6,2.72,0
2026-04-18T10:34:30.343+00:00,7,2.05,0
2026-04-18T10:34:30.343+00:00,8,1.95,0
2026-04-18T10:34:32.346+00:00,1,2.0,0
2026-04-18T10:34:32.346+00:00,2,6.29,0
2026-04-18T10:34:32.346+00:00,3,6.58,0
2026-04-18T10:34:32.346+00:00,4,7.67,0
2026-04-18T10:34:32.346+00:00,5,1.82,0
2026-04-18T10:34:32.346+00:00,6,2.63,0
2026-04-18T10:34:32.346+00:00,7,1.99,0
2026-04-18T10:34:32.346+00:00,8,1.91,0
2026-04-18T10:34:34.348+00:00,1,2.16,0
2026-04-18T10:34:34.348+00:00,2,6.59,0
2026-04-18T10:34:34.348+00:00,3,6.58,0
2026-04-18T10:34:34.348+00:00,4,7.56,0
2026-04-18T10:34:34.348+00:00,5,1.94,0
2026-04-18T10:34:34.348+00:00,6,2.71,0
2026-04-18T10:34:34.348+00:00,7,1.9,0
2026-04-18T10:34:34.348+00:00,8,12.44,1
2026-04-18T10:34:36.352+00:00,1,2.06,0
2026-04-18T10:34:36.352+00:00,2,6.26,0
2026-04-18T10:34:36.352+00:00,3,6.32,0
2026-04-18T10:34:36.352+00:00,4,7.47,0
2026-04-18T10:34:36.352+00:00,5,1.87,0
2026-04-18T10:34:36.352+00:00,6,2.75,0
2026-04-18T10:34:36.352+00:00,7,1.97,0
2026-04-18T10:34:36.352+00:00,8,12.73,1
2026-04-18T10:34:38.356+00:00,1,1.98,0
2026-04-18T10:34:38.356+00:00,2,6.41,0
2026-04-18T10:34:38.356+00:00,3,6.48,0
2026-04-18T10:34:38.356+00:00,4,7.62,0
2026-04-18T10:34:38.356+00:00,5,1.93,0
2026-04-18T10:34:38.356+00:00,6,2.72,0
2026-04-18T10:34:38.356+00:00,7,1.87,0
2026-04-18T10:34:38.356+00:00,8,14.48,1
2026-04-18T10:34:40.359+00:00,1,2.11,0
2026-04-18T10:34:40.359+00:00,2,6.29,0
2026-04-18T10:34:40.359+00:00,3,6.55,0
2026-04-18T10:34:40.359+00:00,4,7.72,0
2026-04-18T10:34:40.359+00:00,5,1.98,0
2026-04-18T10:34:40.359+00:00,6,2.6,0
2026-04-18T10:34:40.359+00:00,7,1.96,0
2026-04-18T10:34:40.359+00:00,8,10.89,1
2026-04-18T10:34:42.362+00:00,1,2.06,0
2026-04-18T10:34:42.362+00:00,2,6.61,0
2026-04-18T10:34:42.362+00:00,3,6.23,0
2026-04-18T10:34:42.362+00:00,4,7.66,0
2026-04-18T10:34:42.362+00:00,5,1.88,0
2026-04-18T10:34:42.362+00:00,6,2.64,0
2026-04-18T10:34:42.362+00:00,7,1.98,0
2026-04-18T10:34:42.362+00:00,8,10.28,1
2026-04-18T10:34:44.365+00:00,1,2.05,0
2026-04-18T10:34:44.365+00:00,2,5.75,0
2026-04-18T10:34:44.365+00:00,3,6.51,0
2026-04-18T10:34:44.365+00:00,4,7.51,0
2026-04-18T10:34:44.365+00:00,5,1.97,0
2026-04-18T10:34:44.365+00:00,6,2.76,0
2026-04-18T10:34:44.365+00:00,7,6.38,0
2026-04-18T10:34:44.365+00:00,8,0.43,1
2026-04-18T10:34:46.369+00:00,1,2.17,0
2026-04-18T10:34:46.369+00:00,2,4.83,0
2026-04-18T10:34:46.369+00:00,3,6.51,0
2026-04-18T10:34:46.369+00:00,4,7.57,0
2026-04-18T10:34:46.369+00:00,5,1.94,0
2026-04-18T10:34:46.369+00:00,6,2.63,0
2026-04-18T10:34:46.369+00:00,7,6.22,0
2026-04-18T10:34:46.369+00:00,8,0.12,1
2026-04-18T10:34:48.371+00:00,1,1.98,0
2026-04-18T10:34:48.371+00:00,2,3.88,0
2026-04-18T10:34:48.371+00:00,3,11.35,1
2026-04-18T10:34:48.371+00:00,4,7.64,0
2026-04-18T10:34:48.371+00:00,5,1.98,0
2026-04-18T10:34:48.371+00:00,6,2.76,0
2026-04-18T10:34:48.371+00:00,7,6.29,0
2026-04-18T10:34:48.371+00:00,8,12.46,1
2026-04-18T10:34:50.374+00:00,1,2.16,0
2026-04-18T10:34:50.374+00:00,2,3.17,0
2026-04-18T10:34:50.374+00:00,3,11.65,1
2026-04-18T10:34:50.374+00:00,4,5.43,0
2026-04-18T10:34:50.374+00:00,5,1.9,0
2026-04-18T10:34:50.374+00:00,6,2.67,0
2026-04-18T10:34:50.374+00:00,7,6.41,0
2026-04-18T10:34:50.374+00:00,8,11.64,1
2026-04-18T10:34:52.377+00:00,1,2.03,0
2026-04-18T10:34:52.377+00:00,2,2.65,0
2026-04-18T10:34:52.377+00:00,3,0.17,1
2026-04-18T10:34:52.377+00:00,4,5.43,0
2026-04-18T10:34:52.377+00:00,5,1.96,0
2026-04-18T10:34:52.377+00:00,6,2.62,0
2026-04-18T10:34:52.377+00:00,7,6.37,0
2026-04-18T10:34:52.377+00:00,8,2.03,0
2026-04-18T10:34:54.381+00:00,1,2.09,0
2026-04-18T10:34:54.381+00:00,2,2.0,0
2026-04-18T10:34:54.381+00:00,3,0.71,1
2026-04-18T10:34:54.381+00:00,4,5.43,0
2026-04-18T10:34:54.381+00:00,5,1.85,0
2026-04-18T10:34:54.381+00:00,6,2.72,0
2026-04-18T10:34:54.381+00:00,7,6.21,0
2026-04-18T10:34:54.381+00:00,8,2.13,0
2026-04-18T10:34:56.384+00:00,1,2.03,0
2026-04-18T10:34:56.384+00:00,2,1.96,0
2026-04-18T10:34:56.384+00:00,3,10.35,1
2026-04-18T10:34:56.384+00:00,4,5.43,0
2026-04-18T10:34:56.384+00:00,5,1.93,0
2026-04-18T10:34:56.384+00:00,6,2.73,0
2026-04-18T10:34:56.384+00:00,7,6.22,0
2026-04-18T10:34:56.384+00:00,8,2.15,0
2026-04-18T10:34:58.388+00:00,1,2.13,0
2026-04-18T10:34:58.388+00:00,2,1.99,0
2026-04-18T10:34:58.388+00:00,3,13.86,1
2026-04-18T10:34:58.388+00:00,4,5.43,0
2026-04-18T10:34:58.388+00:00,5,1.83,0
2026-04-18T10:34:58.388+00:00,6,2.76,0
2026-04-18T10:34:58.388+00:00,7,6.11,0
2026-04-18T10:34:58.388+00:00,8,2.12,0
2026-04-18T10:35:00.391+00:00,1,2.11,0
2026-04-18T10:35:00.391+00:00,2,2.03,0
2026-04-18T10:35:00.391+00:00,3,0.47,1
2026-04-18T10:35:00.391+00:00,4,5.43,0
2026-04-18T10:35:00.391+00:00,5,1.83,0
2026-04-18T10:35:00.391+00:00,6,2.75,0
2026-04-18T10:35:00.391+00:00,7,6.24,0
2026-04-18T10:35:00.391+00:00,8,2.15,0
2026-04-18T10:35:02.394+00:00,1,2.08,0
2026-04-18T10:35:02.394+00:00,2,2.09,0
2026-04-18T10:35:02.394+00:00,3,13.46,1
2026-04-18T10:35:02.394+00:00,4,5.43,0
2026-04-18T10:35:02.394+00:00,5,1.91,0
2026-04-18T10:35:02.394+00:00,6,2.59,0
2026-04-18T10:35:02.394+00:00,7,6.22,0
2026-04-18T10:35:02.394+00:00,8,2.06,0
2026-04-18T10:35:04.397+00:00,1,2.16,0
2026-04-18T10:35:04.397+00:00,2,1.97,0
2026-04-18T10:35:04.397+00:00,3,13.1,1
2026-04-18T10:35:04.397+00:00,4,5.43,0
2026-04-18T10:35:04.397+00:00,5,1.79,0
2026-04-18T10:35:04.397+00:00,6,2.66,0
2026-04-18T10:35:04.397+00:00,7,6.19,0
2026-04-18T10:35:04.397+00:00,8,2.08,0
2026-04-18T10:35:06.400+00:00,1,2.08,0
2026-04-18T10:35:06.400+00:00,2,1.93,0
2026-04-18T10:35:06.400+00:00,3,0.11,1
2026-04-18T10:35:06.400+00:00,4,5.43,0
2026-04-18T10:35:06.400+00:00,5,1.82,0
2026-04-18T10:35:06.400+00:00,6,2.77,0
2026-04-18T10:35:06.400+00:00,7,6.27,0
2026-04-18T10:35:06.400+00:00,8,2.1,0
2026-04-18T10:35:08.404+00:00,1,2.12,0
2026-04-18T10:35:08.404+00:00,2,1.98,0
2026-04-18T10:35:08.404+00:00,3,10.26,1
2026-04-18T10:35:08.404+00:00,4,5.43,0
2026-04-18T10:35:08.404+00:00,5,1.96,0
2026-04-18T10:35:08.404+00:00,6,2.68,0
2026-04-18T10:35:08.404+00:00,7,6.2,0
2026-04-18T10:35:08.404+00:00,8,2.21,0
2026-04-18T10:35:10.410+00:00,1,2.08,0
2026-04-18T10:35:10.410+00:00,2,2.0,0
2026-04-18T10:35:10.410+00:00,3,2.53,0
2026-04-18T10:35:10.410+00:00,4,5.43,0
2026-04-18T10:35:10.410+00:00,5,1.9,0
2026-04-18T10:35:10.410+00:00,6,2.71,0
2026-04-18T10:35:10.410+00:00,7,6.5,0
2026-04-18T10:35:10.410+00:00,8,1.5,1
2026-04-18T10:35:12.423+00:00,1,2.03,0
2026-04-18T10:35:12.423+00:00,2,14.56,1
2026-04-18T10:35:12.423+00:00,3,2.53,0
2026-04-18T10:35:12.423+00:00,4,5.43,0
2026-04-18T10:35:12.423+00:00,5,1.99,0
2026-04-18T10:35:12.423+00:00,6,2.75,0
2026-04-18T10:35:12.423+00:00,7,6.27,0
2026-04-18T10:35:12.423+00:00,8,7.5,1
2026-04-18T10:35:14.425+00:00,1,1.98,0
2026-04-18T10:35:14.425+00:00,2,10.67,1
2026-04-18T10:35:14.425+00:00,3,2.56,0
2026-04-18T10:35:14.425+00:00,4,5.43,0
2026-04-18T10:35:14.425+00:00,5,1.88,0
2026-04-18T10:35:14.425+00:00,6,2.68,0
2026-04-18T10:35:14.425+00:00,7,6.31,0
2026-04-18T10:35:14.425+00:00,8,1.5,1
2026-04-18T10:35:16.429+00:00,1,2.14,0
2026-04-18T10:35:16.429+00:00,2,0.74,1
2026-04-18T10:35:16.429+00:00,3,2.54,0
2026-04-18T10:35:16.429+00:00,4,5.43,0
2026-04-18T10:35:16.429+00:00,5,1.83,0
2026-04-18T10:35:16.429+00:00,6,10.16,1
2026-04-18T10:35:16.429+00:00,7,6.37,0
2026-04-18T10:35:16.429+00:00,8,7.5,1
2026-04-18T10:35:18.435+00:00,1,2.09,0
2026-04-18T10:35:18.435+00:00,2,13.23,1
2026-04-18T10:35:18.435+00:00,3,2.58,0
2026-04-18T10:35:18.435+00:00,4,5.43,0
2026-04-18T10:35:18.435+00:00,5,1.88,0
2026-04-18T10:35:18.435+00:00,6,14.62,1
2026-04-18T10:35:18.435+00:00,7,6.38,0
2026-04-18T10:35:18.435+00:00,8,1.5,1
2026-04-18T10:35:20.439+00:00,1,1.98,0
2026-04-18T10:35:20.439+00:00,2,0.16,1
2026-04-18T10:35:20.439+00:00,3,2.5,0
2026-04-18T10:35:20.439+00:00,4,5.43,0
2026-04-18T10:35:20.439+00:00,5,1.93,0
2026-04-18T10:35:20.439+00:00,6,0.16,1
2026-04-18T10:35:20.439+00:00,7,6.11,0
2026-04-18T10:35:20.439+00:00,8,7.5,1
2026-04-18T10:35:22.442+00:00,1,2.04,0
2026-04-18T10:35:22.442+00:00,2,12.63,1
2026-04-18T10:35:22.442+00:00,3,2.54,0
2026-04-18T10:35:22.442+00:00,4,5.43,0
2026-04-18T10:35:22.442+00:00,5,1.9,0
2026-04-18T10:35:22.442+00:00,6,0.34,1
2026-04-18T10:35:22.442+00:00,7,6.48,0
2026-04-18T10:35:22.442+00:00,8,1.5,1
2026-04-18T10:35:24.445+00:00,1,2.1,0
2026-04-18T10:35:24.445+00:00,2,14.84,1
2026-04-18T10:35:24.445+00:00,3,2.6,0
2026-04-18T10:35:24.445+00:00,4,5.43,0
2026-04-18T10:35:24.445+00:00,5,1.8,0
2026-04-18T10:35:24.445+00:00,6,13.01,1
2026-04-18T10:35:24.445+00:00,7,6.42,0
2026-04-18T10:35:24.445+00:00,8,7.5,1
2026-04-18T10:35:26.449+00:00,1,1.98,0
2026-04-18T10:35:26.449+00:00,2,12.09,1
2026-04-18T10:35:26.449+00:00,3,2.59,0
2026-04-18T10:35:26.449+00:00,4,5.43,0
2026-04-18T10:35:26.449+00:00,5,1.92,0
2026-04-18T10:35:26.449+00:00,6,13.13,1
2026-04-18T10:35:26.449+00:00,7,6.15,0
2026-04-18T10:35:26.449+00:00,8,1.5,1
2026-04-18T10:35:28.453+00:00,1,1.99,0
2026-04-18T10:35:28.453+00:00,2,11.18,1
2026-04-18T10:35:28.453+00:00,3,2.61,0
2026-04-18T10:35:28.453+00:00,4,5.43,0
2026-04-18T10:35:28.453+00:00,5,1.83,0
2026-04-18T10:35:28.453+00:00,6,11.74,1
2026-04-18T10:35:28.453+00:00,7,6.38,0
2026-04-18T10:35:28.453+00:00,8,2.68,0
2026-04-18T10:35:30.457+00:00,1,1.97,0
2026-04-18T10:35:30.457+00:00,2,1.91,0
2026-04-18T10:35:30.457+00:00,3,2.58,0
2026-04-18T10:35:30.457+00:00,4,5.43,0
2026-04-18T10:35:30.457+00:00,5,1.84,0
2026-04-18T10:35:30.457+00:00,6,1.8,0
2026-04-18T10:35:30.457+00:00,7,6.34,0
2026-04-18T10:35:30.457+00:00,8,2.65,0
2026-04-18T10:35:32.459+00:00,1,2.17,0
2026-04-18T10:35:32.459+00:00,2,2.06,0
2026-04-18T10:35:32.459+00:00,3,2.55,0
2026-04-18T10:35:32.459+00:00,4,5.43,0
2026-04-18T10:35:32.459+00:00,5,1.88,0
2026-04-18T10:35:32.459+00:00,6,1.79,0
2026-04-18T10:35:32.459+00:00,7,6.21,0
2026-04-18T10:35:32.459+00:00,8,2.75,0
2026-04-18T10:35:34.461+00:00,1,1.98,0
2026-04-18T10:35:34.461+00:00,2,2.09,0
2026-04-18T10:35:34.461+00:00,3,2.58,0
2026-04-18T10:35:34.461+00:00,4,5.43,0
2026-04-18T10:35:34.461+00:00,5,1.84,0
2026-04-18T10:35:34.461+00:00,6,1.69,0
2026-04-18T10:35:34.461+00:00,7,6.33,0
2026-04-18T10:35:34.461+00:00,8,2.82,0
2026-04-18T10:35:36.465+00:00,1,2.02,0
2026-04-18T10:35:36.465+00:00,2,2.05,0
2026-04-18T10:35:36.465+00:00,3,2.48,0
2026-04-18T10:35:36.465+00:00,4,5.43,0
2026-04-18T10:35:36.465+00:00,5,1.95,0
2026-04-18T10:35:36.465+00:00,6,1.73,0
2026-04-18T10:35:36.465+00:00,7,6.13,0
2026-04-18T10:35:36.465+00:00,8,2.83,0
2026-04-18T10:35:38.466+00:00,1,2.02,0
2026-04-18T10:35:38.466+00:00,2,2.09,0
2026-04-18T10:35:38.466+00:00,3,2.64,0
2026-04-18T10:35:38.466+00:00,4,5.43,0
2026-04-18T10:35:38.466+00:00,5,1.9,0
2026-04-18T10:35:38.466+00:00,6,1.75,0
2026-04-18T10:35:38.466+00:00,7,6.2,0
2026-04-18T10:35:38.466+00:00,8,2.77,0
2026-04-18T10:35:40.469+00:00,1,2.07,0
2026-04-18T10:35:40.469+00:00,2,2.0,0
2026-04-18T10:35:40.469+00:00,3,2.46,0
2026-04-18T10:35:40.469+00:00,4,5.43,0
2026-04-18T10:35:40.469+00:00,5,1.88,0
2026-04-18T10:35:40.469+00:00,6,2.35,0
2026-04-18T10:35:40.469+00:00,7,6.22,0
2026-04-18T10:35:40.469+00:00,8,2.75,0
2026-04-18T10:35:42.472+00:00,1,1.98,0
2026-04-18T10:35:42.472+00:00,2,1.92,0
2026-04-18T10:35:42.472+00:00,3,2.58,0
2026-04-18T10:35:42.472+00:00,4,5.43,0
2026-04-18T10:35:42.472+00:00,5,1.99,0
2026-04-18T10:35:42.472+00:00,6,2.35,0
2026-04-18T10:35:42.472+00:00,7,6.29,0
2026-04-18T10:35:42.472+00:00,8,2.77,0
2026-04-18T10:35:44.474+00:00,1,2.03,0
2026-04-18T10:35:44.474+00:00,2,2.01,0
2026-04-18T10:35:44.474+00:00,3,2.57,0
2026-04-18T10:35:44.474+00:00,4,5.43,0
2026-04-18T10:35:44.474+00:00,5,1.97,0
2026-04-18T10:35:44.474+00:00,6,2.35,0
2026-04-18T10:35:44.474+00:00,7,6.26,0
2026-04-18T10:35:44.474+00:00,8,2.82,0
2026-04-18T10:35:46.476+00:00,1,2.16,0
2026-04-18T10:35:46.476+00:00,2,2.02,0
2026-04-18T10:35:46.476+00:00,3,2.54,0
2026-04-18T10:35:46.476+00:00,4,5.43,0
2026-04-18T10:35:46.476+00:00,5,1.89,0
2026-04-18T10:35:46.476+00:00,6,2.35,0
2026-04-18T10:35:46.476+00:00,7,6.36,0
2026-04-18T10:35:46.476+00:00,8,2.76,0
2026-04-18T10:35:48.479+00:00,1,2.0,0
2026-04-18T10:35:48.479+00:00,2,1.97,0
2026-04-18T10:35:48.479+00:00,3,2.52,0
2026-04-18T10:35:48.479+00:00,4,5.43,0
2026-04-18T10:35:48.479+00:00,5,1.93,0
2026-04-18T10:35:48.479+00:00,6,2.35,0
2026-04-18T10:35:48.479+00:00,7,6.15,0
2026-04-18T10:35:48.479+00:00,8,2.72,0
2026-04-18T10:35:50.482+00:00,1,2.04,0
2026-04-18T10:35:50.482+00:00,2,2.02,0
2026-04-18T10:35:50.482+00:00,3,2.54,0
2026-04-18T10:35:50.482+00:00,4,5.43,1
2026-04-18T10:35:50.482+00:00,5,1.85,0
2026-04-18T10:35:50.482+00:00,6,2.35,0
2026-04-18T10:35:50.482+00:00,7,6.42,0
2026-04-18T10:35:50.482+00:00,8,2.65,0
2026-04-18T10:35:52.485+00:00,1,2.14,0
2026-04-18T10:35:52.485+00:00,2,1.98,0
2026-04-18T10:35:52.485+00:00,3,2.58,0
2026-04-18T10:35:52.485+00:00,4,2.94,0
2026-04-18T10:35:52.485+00:00,5,1.89,0
2026-04-18T10:35:52.485+00:00,6,2.35,0
2026-04-18T10:35:52.485+00:00,7,6.48,0
2026-04-18T10:35:52.485+00:00,8,2.77,0
2026-04-18T10:35:54.487+00:00,1,2.14,0
2026-04-18T10:35:54.487+00:00,2,2.06,0
2026-04-18T10:35:54.487+00:00,3,2.52,0
2026-04-18T10:35:54.487+00:00,4,2.87,0
2026-04-18T10:35:54.487+00:00,5,1.96,0
2026-04-18T10:35:54.487+00:00,6,2.35,0
2026-04-18T10:35:54.487+00:00,7,6.34,0
2026-04-18T10:35:54.487+00:00,8,2.71,0
2026-04-18T10:35:56.491+00:00,1,2.01,0
2026-04-18T10:35:56.491+00:00,2,2.01,0
2026-04-18T10:35:56.491+00:00,3,2.52,0
2026-04-18T10:35:56.491+00:00,4,2.83,0
2026-04-18T10:35:56.491+00:00,5,1.92,0
2026-04-18T10:35:56.491+00:00,6,2.35,0
2026-04-18T10:35:56.491+00:00,7,6.46,0
2026-04-18T10:35:56.491+00:00,8,2.73,0
2026-04-18T10:35:58.493+00:00,1,2.11,0
2026-04-18T10:35:58.493+00:00,2,1.98,0
2026-04-18T10:35:58.493+00:00,3,2.63,0
2026-04-18T10:35:58.493+00:00,4,2.82,0
2026-04-18T10:35:58.493+00:00,5,1.97,0
2026-04-18T10:35:58.493+00:00,6,2.35,0
2026-04-18T10:35:58.493+00:00,7,5.43,0
2026-04-18T10:35:58.493+00:00,8,2.73,0
2026-04-18T10:36:00.496+00:00,1,2.03,0
2026-04-18T10:36:00.496+00:00,2,1.96,0
2026-04-18T10:36:00.496+00:00,3,2.48,0
2026-04-18T10:36:00.496+00:00,4,2.82,0
2026-04-18T10:36:00.496+00:00,5,1.81,0
2026-04-18T10:36:00.496+00:00,6,2.35,0
2026-04-18T10:36:00.496+00:00,7,4.54,0
2026-04-18T10:36:00.496+00:00,8,2.82,0
2026-04-18T10:36:02.498+00:00,1,1.99,0
2026-04-18T10:36:02.498+00:00,2,1.97,0
2026-04-18T10:36:02.498+00:00,3,2.55,0
2026-04-18T10:36:02.498+00:00,4,2.98,0
2026-04-18T10:36:02.498+00:00,5,1.82,0
2026-04-18T10:36:02.498+00:00,6,2.35,0
2026-04-18T10:36:02.498+00:00,7,3.98,0
2026-04-18T10:36:02.498+00:00,8,2.79,0
2026-04-18T10:36:04.500+00:00,1,2.1,0
2026-04-18T10:36:04.500+00:00,2,1.93,0
2026-04-18T10:36:04.500+00:00,3,2.52,0
2026-04-18T10:36:04.500+00:00,4,2.95,0
2026-04-18T10:36:04.500+00:00,5,1.96,0
2026-04-18T10:36:04.500+00:00,6,2.35,0
2026-04-18T10:36:04.500+00:00,7,2.88,0
2026-04-18T10:36:04.500+00:00,8,2.75,0
2026-04-18T10:36:06.503+00:00,1,2.01,0
2026-04-18T10:36:06.503+00:00,2,1.91,0
2026-04-18T10:36:06.503+00:00,3,2.5,0
2026-04-18T10:36:06.503+00:00,4,2.88,0
2026-04-18T10:36:06.503+00:00,5,1.87,0
2026-04-18T10:36:06.503+00:00,6,2.35,0
2026-04-18T10:36:06.503+00:00,7,1.7,0
2026-04-18T10:36:06.503+00:00,8,2.65,0
2026-04-18T10:36:08.506+00:00,1,2.07,0
2026-04-18T10:36:08.506+00:00,2,1.97,0
2026-04-18T10:36:08.506+00:00,3,2.54,0
2026-04-18T10:36:08.506+00:00,4,2.8,0
2026-04-18T10:36:08.506+00:00,5,1.87,0
2026-04-18T10:36:08.506+00:00,6,2.35,0
2026-04-18T10:36:08.506+00:00,7,1.68,0
2026-04-18T10:36:08.506+00:00,8,2.65,0
2026-04-18T10:36:10.509+00:00,1,1.99,0
2026-04-18T10:36:10.509+00:00,2,2.05,0
2026-04-18T10:36:10.509+00:00,3,2.61,0
2026-04-18T10:36:10.509+00:00,4,2.86,0
2026-04-18T10:36:10.509+00:00,5,1.81,0
2026-04-18T10:36:10.509+00:00,6,2.35,0
2026-04-18T10:36:10.509+00:00,7,1.63,0
2026-04-18T10:36:10.509+00:00,8,2.8,0
2026-04-18T10:36:12.512+00:00,1,2.09,0
2026-04-18T10:36:12.512+00:00,2,2.01,0
2026-04-18T10:36:12.512+00:00,3,2.5,0
2026-04-18T10:36:12.512+00:00,4,2.89,0
2026-04-18T10:36:12.512+00:00,5,1.88,0
2026-04-18T10:36:12.512+00:00,6,2.35,0
2026-04-18T10:36:12.512+00:00,7,1.69,0
2026-04-18T10:36:12.512+00:00,8,2.74,0
2026-04-18T10:36:14.514+00:00,1,2.07,0
2026-04-18T10:36:14.514+00:00,2,2.02,0
2026-04-18T10:36:14.514+00:00,3,2.56,0
2026-04-18T10:36:14.514+00:00,4,2.87,0
2026-04-18T10:36:14.514+00:00,5,1.8,0
2026-04-18T10:36:14.514+00:00,6,2.35,0
2026-04-18T10:36:14.514+00:00,7,1.67,0
2026-04-18T10:36:14.514+00:00,8,2.78,0
2026-04-18T10:36:16.516+00:00,1,2.1,0
2026-04-18T10:36:16.516+00:00,2,1.93,0
2026-04-18T10:36:16.516+00:00,3,2.52,0
2026-04-18T10:36:16.516+00:00,4,2.9,0
2026-04-18T10:36:16.516+00:00,5,1.93,0
2026-04-18T10:36:16.516+00:00,6,2.35,0
2026-04-18T10:36:16.516+00:00,7,1.68,0
2026-04-18T10:36:16.516+00:00,8,2.65,0
2026-04-18T10:36:18.519+00:00,1,2.04,0
2026-04-18T10:36:18.519+00:00,2,2.1,0
2026-04-18T10:36:18.519+00:00,3,2.63,0
2026-04-18T10:36:18.519+00:00,4,2.96,0
2026-04-18T10:36:18.519+00:00,5,1.94,0
2026-04-18T10:36:18.519+00:00,6,2.35,0
2026-04-18T10:36:18.519+00:00,7,1.67,0
2026-04-18T10:36:18.519+00:00,8,2.74,0
2026-04-18T10:36:20.522+00:00,1,2.06,0
2026-04-18T10:36:20.522+00:00,2,1.99,0
2026-04-18T10:36:20.522+00:00,3,2.55,0
2026-04-18T10:36:20.522+00:00,4,2.97,0
2026-04-18T10:36:20.522+00:00,5,1.94,0
2026-04-18T10:36:20.522+00:00,6,2.35,0
2026-04-18T10:36:20.522+00:00,7,1.71,0
2026-04-18T10:36:20.522+00:00,8,2.81,0
2026-04-18T10:36:22.524+00:00,1,2.12,0
2026-04-18T10:36:22.524+00:00,2,2.0,0
2026-04-18T10:36:22.524+00:00,3,2.64,0
2026-04-18T10:36:22.524+00:00,4,2.87,0
2026-04-18T10:36:22.524+00:00,5,1.83,0
2026-04-18T10:36:22.524+00:00,6,2.35,0
2026-04-18T10:36:22.524+00:00,7,1.71,0
2026-04-18T10:36:22.524+00:00,8,2.81,0
2026-04-18T10:36:24.527+00:00,1,2.01,0
2026-04-18T10:36:24.527+00:00,2,1.91,0
2026-04-18T10:36:24.527+00:00,3,2.52,0
2026-04-18T10:36:24.527+00:00,4,2.86,0
2026-04-18T10:36:24.527+00:00,5,1.9,0
2026-04-18T10:36:24.527+00:00,6,2.35,0
2026-04-18T10:36:24.527+00:00,7,1.77,0
2026-04-18T10:36:24.527+00:00,8,2.68,0
2026-04-18T10:36:26.529+00:00,1,2.05,0
2026-04-18T10:36:26.529+00:00,2,2.1,0
2026-04-18T10:36:26.529+00:00,3,2.5,0
2026-04-18T10:36:26.529+00:00,4,2.84,0
2026-04-18T10:36:26.529+00:00,5,1.88,0
2026-04-18T10:36:26.529+00:00,6,2.35,0
2026-04-18T10:36:26.529+00:00,7,1.74,0
2026-04-18T10:36:26.529+00:00,8,2.17,0
2026-04-18T10:36:28.532+00:00,1,2.16,0
2026-04-18T10:36:28.532+00:00,2,2.02,0
2026-04-18T10:36:28.532+00:00,3,2.54,0
2026-04-18T10:36:28.532+00:00,4,2.97,0
2026-04-18T10:36:28.532+00:00,5,1.97,0
2026-04-18T10:36:28.532+00:00,6,2.35,0
2026-04-18T10:36:28.532+00:00,7,1.75,0
2026-04-18T10:36:28.532+00:00,8,2.17,0
2026-04-18T10:36:30.535+00:00,1,2.16,0
2026-04-18T10:36:30.535+00:00,2,2.07,0
2026-04-18T10:36:30.535+00:00,3,2.56,0
2026-04-18T10:36:30.535+00:00,4,2.94,0
2026-04-18T10:36:30.535+00:00,5,1.92,0
2026-04-18T10:36:30.535+00:00,6,2.35,0
2026-04-18T10:36:30.535+00:00,7,1.68,0
2026-04-18T10:36:30.535+00:00,8,2.17,0
2026-04-18T10:36:32.537+00:00,1,2.14,0
2026-04-18T10:36:32.537+00:00,2,2.03,0
2026-04-18T10:36:32.537+00:00,3,2.52,0
2026-04-18T10:36:32.537+00:00,4,2.82,0
2026-04-18T10:36:32.537+00:00,5,1.83,0
2026-04-18T10:36:32.537+00:00,6,2.35,0
2026-04-18T10:36:32.537+00:00,7,1.79,0
2026-04-18T10:36:32.537+00:00,8,2.17,0
2026-04-18T10:36:34.541+00:00,1,2.14,0
2026-04-18T10:36:34.541+00:00,2,1.96,0
2026-04-18T10:36:34.541+00:00,3,2.49,0
2026-04-18T10:36:34.541+00:00,4,2.93,0
2026-04-18T10:36:34.541+00:00,5,1.83,0
2026-04-18T10:36:34.541+00:00,6,2.35,0
2026-04-18T10:36:34.541+00:00,7,1.7,0
2026-04-18T10:36:34.541+00:00,8,2.17,0
2026-04-18T10:36:36.544+00:00,1,2.05,0
2026-04-18T10:36:36.544+00:00,2,1.5,1
2026-04-18T10:36:36.544+00:00,3,2.64,0
2026-04-18T10:36:36.544+00:00,4,2.92,0
2026-04-18T10:36:36.544+00:00,5,1.93,0
2026-04-18T10:36:36.544+00:00,6,2.35,0
2026-04-18T10:36:36.544+00:00,7,1.65,0
2026-04-18T10:36:36.544+00:00,8,2.17,0
2026-04-18T10:36:38.546+00:00,1,2.16,0
2026-04-18T10:36:38.546+00:00,2,7.5,1
2026-04-18T10:36:38.546+00:00,3,5.1,0
2026-04-18T10:36:38.546+00:00,4,2.92,0
2026-04-18T10:36:38.546+00:00,5,1.98,0
2026-04-18T10:36:38.546+00:00,6,2.35,0
2026-04-18T10:36:38.546+00:00,7,1.69,0
2026-04-18T10:36:38.546+00:00,8,2.17,0
2026-04-18T10:36:40.549+00:00,1,2.04,0
2026-04-18T10:36:40.549+00:00,2,1.5,1
2026-04-18T10:36:40.549+00:00,3,5.1,0
2026-04-18T10:36:40.549+00:00,4,2.98,0
2026-04-18T10:36:40.549+00:00,5,1.82,0
2026-04-18T10:36:40.549+00:00,6,2.35,1
2026-04-18T10:36:40.549+00:00,7,1.61,0
2026-04-18T10:36:40.549+00:00,8,2.17,0
2026-04-18T10:36:42.553+00:00,1,2.17,0
2026-04-18T10:36:42.553+00:00,2,7.5,1
2026-04-18T10:36:42.553+00:00,3,5.1,0
2026-04-18T10:36:42.553+00:00,4,2.96,0
2026-04-18T10:36:42.553+00:00,5,1.89,0
2026-04-18T10:36:42.553+00:00,6,2.35,1
2026-04-18T10:36:42.553+00:00,7,1.8,0
2026-04-18T10:36:42.553+00:00,8,2.17,0
2026-04-18T10:36:44.556+00:00,1,6.55,0
2026-04-18T10:36:44.556+00:00,2,1.5,1
2026-04-18T10:36:44.556+00:00,3,5.1,0
2026-04-18T10:36:44.556+00:00,4,2.93,0
2026-04-18T10:36:44.556+00:00,5,1.5,1
2026-04-18T10:36:44.556+00:00,6,2.35,1
2026-04-18T10:36:44.556+00:00,7,1.65,0
2026-04-18T10:36:44.556+00:00,8,2.17,0
2026-04-18T10:36:46.561+00:00,1,6.91,0
2026-04-18T10:36:46.561+00:00,2,7.5,1
2026-04-18T10:36:46.561+00:00,3,5.1,0
2026-04-18T10:36:46.561+00:00,4,2.95,0
2026-04-18T10:36:46.561+00:00,5,7.5,1
2026-04-18T10:36:46.561+00:00,6,2.35,1
2026-04-18T10:36:46.561+00:00,7,1.75,0
2026-04-18T10:36:46.561+00:00,8,2.17,0
2026-04-18T10:36:48.565+00:00,1,6.89,0
2026-04-18T10:36:48.565+00:00,2,1.5,1
2026-04-18T10:36:48.565+00:00,3,5.1,0
2026-04-18T10:36:48.565+00:00,4,2.97,0
2026-04-18T10:36:48.565+00:00,5,1.5,1
2026-04-18T10:36:48.565+00:00,6,1.96,0
2026-04-18T10:36:48.565+00:00,7,1.72,0
2026-04-18T10:36:48.565+00:00,8,2.17,0
2026-04-18T10:36:50.569+00:00,1,6.65,0
2026-04-18T10:36:50.569+00:00,2,2.27,0
2026-04-18T10:36:50.569+00:00,3,5.1,0
2026-04-18T10:36:50.569+00:00,4,2.9,0
2026-04-18T10:36:50.569+00:00,5,7.5,1
2026-04-18T10:36:50.569+00:00,6,1.98,0
2026-04-18T10:36:50.569+00:00,7,1.77,0
2026-04-18T10:36:50.569+00:00,8,2.17,0
2026-04-18T10:36:52.572+00:00,1,6.68,0
2026-04-18T10:36:52.572+00:00,2,2.28,0
2026-04-18T10:36:52.572+00:00,3,5.1,0
2026-04-18T10:36:52.572+00:00,4,2.81,0
2026-04-18T10:36:52.572+00:00,5,1.5,1
2026-04-18T10:36:52.572+00:00,6,1.86,0
2026-04-18T10:36:52.572+00:00,7,1.72,0
2026-04-18T10:36:52.572+00:00,8,2.17,0
2026-04-18T10:36:54.575+00:00,1,6.58,0
2026-04-18T10:36:54.575+00:00,2,2.27,0
2026-04-18T10:36:54.575+00:00,3,5.1,0
2026-04-18T10:36:54.575+00:00,4,1.5,1
2026-04-18T10:36:54.575+00:00,5,7.5,1
2026-04-18T10:36:54.575+00:00,6,1.94,0
2026-04-18T10:36:54.575+00:00,7,1.73,0
2026-04-18T10:36:54.575+00:00,8,2.17,0
2026-04-18T10:36:56.579+00:00,1,6.79,0
2026-04-18T10:36:56.579+00:00,2,2.18,0
2026-04-18T10:36:56.579+00:00,3,5.1,0
2026-04-18T10:36:56.579+00:00,4,7.5,1
2026-04-18T10:36:56.579+00:00,5,1.5,1
2026-04-18T10:36:56.579+00:00,6,1.81,0
2026-04-18T10:36:56.579+00:00,7,13.72,1
2026-04-18T10:36:56.579+00:00,8,2.17,0
2026-04-18T10:36:58.583+00:00,1,6.84,0
2026-04-18T10:36:58.583+00:00,2,2.16,0
2026-04-18T10:36:58.583+00:00,3,5.1,0
2026-04-18T10:36:58.583+00:00,4,1.5,1
2026-04-18T10:36:58.583+00:00,5,7.5,1
2026-04-18T10:36:58.583+00:00,6,1.86,0
2026-04-18T10:36:58.583+00:00,7,13.1,1
2026-04-18T10:36:58.583+00:00,8,2.17,0
2026-04-18T10:37:00.588+00:00,1,6.62,0
2026-04-18T10:37:00.588+00:00,2,2.16,0
2026-04-18T10:37:00.588+00:00,3,5.1,0
2026-04-18T10:37:00.588+00:00,4,7.5,1
2026-04-18T10:37:00.588+00:00,5,1.5,1
2026-04-18T10:37:00.588+00:00,6,1.83,0
2026-04-18T10:37:00.588+00:00,7,13.46,1
2026-04-18T10:37:00.588+00:00,8,2.17,0
2026-04-18T10:37:02.594+00:00,1,6.78,0
2026-04-18T10:37:02.594+00:00,2,2.3,0
2026-04-18T10:37:02.594+00:00,3,5.1,0
2026-04-18T10:37:02.594+00:00,4,1.5,1
2026-04-18T10:37:02.594+00:00,5,7.5,1
2026-04-18T10:37:02.594+00:00,6,1.86,0
2026-04-18T10:37:02.594+00:00,7,0.27,1
2026-04-18T10:37:02.594+00:00,8,2.17,0
2026-04-18T10:37:04.597+00:00,1,6.71,0
2026-04-18T10:37:04.597+00:00,2,2.16,0
2026-04-18T10:37:04.597+00:00,3,5.1,0
2026-04-18T10:37:04.597+00:00,4,7.5,1
2026-04-18T10:37:04.597+00:00,5,7.23,0
2026-04-18T10:37:04.597+00:00,6,1.95,0
2026-04-18T10:37:04.597+00:00,7,13.56,1
2026-04-18T10:37:04.597+00:00,8,2.17,0
2026-04-18T10:37:06.600+00:00,1,6.85,0
2026-04-18T10:37:06.600+00:00,2,2.15,0
2026-04-18T10:37:06.600+00:00,3,5.1,0
2026-04-18T10:37:06.600+00:00,4,1.5,1
2026-04-18T10:37:06.600+00:00,5,7.05,0
2026-04-18T10:37:06.600+00:00,6,1.81,0
2026-04-18T10:37:06.600+00:00,7,0.43,1
2026-04-18T10:37:06.600+00:00,8,2.17,0
2026-04-18T10:37:08.602+00:00,1,6.65,0
2026-04-18T10:37:08.602+00:00,2,2.29,0
2026-04-18T10:37:08.602+00:00,3,5.1,0
2026-04-18T10:37:08.602+00:00,4,7.79,0
2026-04-18T10:37:08.602+00:00,5,7.19,0
2026-04-18T10:37:08.602+00:00,6,1.88,0
2026-04-18T10:37:08.602+00:00,7,7.6,0
2026-04-18T10:37:08.602+00:00,8,2.17,0
2026-04-18T10:37:10.605+00:00,1,6.53,0
2026-04-18T10:37:10.605+00:00,2,2.3,0
2026-04-18T10:37:10.605+00:00,3,5.1,0
2026-04-18T10:37:10.605+00:00,4,7.97,0
2026-04-18T10:37:10.605+00:00,5,7.37,0
2026-04-18T10:37:10.605+00:00,6,1.92,0
2026-04-18T10:37:10.605+00:00,7,7.83,0
2026-04-18T10:37:10.605+00:00,8,2.17,0
2026-04-18T10:37:12.608+00:00,1,6.59,0
2026-04-18T10:37:12.608+00:00,2,2.25,0
2026-04-18T10:37:12.608+00:00,3,5.1,0
2026-04-18T10:37:12.608+00:00,4,7.84,0
2026-04-18T10:37:12.608+00:00,5,7.02,0
2026-04-18T10:37:12.608+00:00,6,1.83,0
2026-04-18T10:37:12.608+00:00,7,7.64,0
2026-04-18T10:37:12.608+00:00,8,2.17,0
2026-04-18T10:37:14.611+00:00,1,6.69,0
2026-04-18T10:37:14.611+00:00,2,2.23,0
2026-04-18T10:37:14.611+00:00,3,5.1,0
2026-04-18T10:37:14.611+00:00,4,7.98,0
2026-04-18T10:37:14.611+00:00,5,7.34,0
2026-04-18T10:37:14.611+00:00,6,1.92,0
2026-04-18T10:37:14.611+00:00,7,7.51,0
2026-04-18T10:37:14.611+00:00,8,7.81,0
2026-04-18T10:37:16.613+00:00,1,6.68,0
2026-04-18T10:37:16.613+00:00,2,2.23,0
2026-04-18T10:37:16.613+00:00,3,5.1,0
2026-04-18T10:37:16.613+00:00,4,7.84,0
2026-04-18T10:37:16.613+00:00,5,7.39,0
2026-04-18T10:37:16.613+00:00,6,1.81,0
2026-04-18T10:37:16.613+00:00,7,7.65,0
2026-04-18T10:37:16.613+00:00,8,7.53,0
2026-04-18T10:37:18.615+00:00,1,6.56,0
2026-04-18T10:37:18.615+00:00,2,2.21,0
2026-04-18T10:37:18.615+00:00,3,5.1,0
2026-04-18T10:37:18.615+00:00,4,7.67,0
2026-04-18T10:37:18.615+00:00,5,7.25,0
2026-04-18T10:37:18.615+00:00,6,1.84,0
2026-04-18T10:37:18.615+00:00,7,7.8,0
2026-04-18T10:37:18.615+00:00,8,3.74,0
2026-04-18T10:37:20.618+00:00,1,6.7,0
2026-04-18T10:37:20.618+00:00,2,2.17,0
2026-04-18T10:37:20.618+00:00,3,5.1,0
2026-04-18T10:37:20.618+00:00,4,7.89,0
2026-04-18T10:37:20.618+00:00,5,7.1,0
2026-04-18T10:37:20.618+00:00,6,1.79,0
2026-04-18T10:37:20.618+00:00,7,7.76,0
2026-04-18T10:37:20.618+00:00,8,3.74,0
2026-04-18T10:37:22.620+00:00,1,6.56,0
2026-04-18T10:37:22.620+00:00,2,2.33,0
2026-04-18T10:37:22.620+00:00,3,5.1,0
2026-04-18T10:37:22.620+00:00,4,8.0,0
2026-04-18T10:37:22.620+00:00,5,7.08,0
2026-04-18T10:37:22.620+00:00,6,1.82,0
2026-04-18T10:37:22.620+00:00,7,7.7,0
2026-04-18T10:37:22.620+00:00,8,3.74,0
2026-04-18T10:37:24.623+00:00,1,1.5,1
2026-04-18T10:37:24.623+00:00,2,2.31,0
2026-04-18T10:37:24.623+00:00,3,5.1,0
2026-04-18T10:37:24.623+00:00,4,7.67,0
2026-04-18T10:37:24.623+00:00,5,7.39,0
2026-04-18T10:37:24.623+00:00,6,1.97,0
2026-04-18T10:37:24.623+00:00,7,0.18,1
2026-04-18T10:37:24.623+00:00,8,3.74,0
2026-04-18T10:37:26.626+00:00,1,7.5,1
2026-04-18T10:37:26.626+00:00,2,2.29,0
2026-04-18T10:37:26.626+00:00,3,5.1,0
2026-04-18T10:37:26.626+00:00,4,7.92,0
2026-04-18T10:37:26.626+00:00,5,7.02,0
2026-04-18T10:37:26.626+00:00,6,1.96,0
2026-04-18T10:37:26.626+00:00,7,12.97,1
2026-04-18T10:37:26.626+00:00,8,3.74,0
2026-04-18T10:37:28.629+00:00,1,1.5,1
2026-04-18T10:37:28.629+00:00,2,2.27,0
2026-04-18T10:37:28.629+00:00,3,5.1,0
2026-04-18T10:37:28.629+00:00,4,7.72,0
2026-04-18T10:37:28.629+00:00,5,7.26,0
2026-04-18T10:37:28.629+00:00,6,1.5,1
2026-04-18T10:37:28.629+00:00,7,14.21,1
2026-04-18T10:37:28.629+00:00,8,3.74,0
2026-04-18T10:37:30.634+00:00,1,7.5,1
2026-04-18T10:37:30.634+00:00,2,2.25,0
2026-04-18T10:37:30.634+00:00,3,2.35,0
2026-04-18T10:37:30.634+00:00,4,8.02,0
2026-04-18T10:37:30.634+00:00,5,7.26,0
2026-04-18T10:37:30.634+00:00,6,7.5,1
2026-04-18T10:37:30.634+00:00,7,0.89,1
2026-04-18T10:37:30.634+00:00,8,3.74,0
2026-04-18T10:37:32.637+00:00,1,1.5,1
2026-04-18T10:37:32.637+00:00,2,2.14,0
2026-04-18T10:37:32.637+00:00,3,2.29,0
2026-04-18T10:37:32.637+00:00,4,7.92,0
2026-04-18T10:37:32.637+00:00,5,7.34,0
2026-04-18T10:37:32.637+00:00,6,1.5,1
2026-04-18T10:37:32.637+00:00,7,0.75,1
2026-04-18T10:37:32.637+00:00,8,3.74,0
2026-04-18T10:37:34.641+00:00,1,7.5,1
2026-04-18T10:37:34.641+00:00,2,2.33,0
2026-04-18T10:37:34.641+00:00,3,2.1,0
2026-04-18T10:37:34.641+00:00,4,7.9,0
2026-04-18T10:37:34.641+00:00,5,7.21,0
2026-04-18T10:37:34.641+00:00,6,7.5,1
2026-04-18T10:37:34.641+00:00,7,0.82,1
2026-04-18T10:37:34.641+00:00,8,3.74,0
2026-04-18T10:37:36.645+00:00,1,1.5,1
2026-04-18T10:37:36.645+00:00,2,2.24,0
2026-04-18T10:37:36.645+00:00,3,2.1,0
2026-04-18T10:37:36.645+00:00,4,7.85,0
2026-04-18T10:37:36.645+00:00,5,7.24,0
2026-04-18T10:37:36.645+00:00,6,1.5,1
2026-04-18T10:37:36.645+00:00,7,0.64,1
2026-04-18T10:37:36.645+00:00,8,3.74,0
2026-04-18T10:37:38.648+00:00,1,7.5,1
2026-04-18T10:37:38.648+00:00,2,2.33,0
2026-04-18T10:37:38.648+00:00,3,2.1,0
2026-04-18T10:37:38.648+00:00,4,8.02,0
2026-04-18T10:37:38.648+00:00,5,7.3,0
2026-04-18T10:37:38.648+00:00,6,7.5,1
2026-04-18T10:37:38.648+00:00,7,12.71,1
2026-04-18T10:37:38.648+00:00,8,3.74,0
2026-04-18T10:37:40.652+00:00,1,1.5,1
2026-04-18T10:37:40.652+00:00,2,2.18,0
2026-04-18T10:37:40.652+00:00,3,2.1,0
2026-04-18T10:37:40.652+00:00,4,7.87,0
2026-04-18T10:37:40.652+00:00,5,7.11,0
2026-04-18T10:37:40.652+00:00,6,1.5,1
2026-04-18T10:37:40.652+00:00,7,0.37,1
2026-04-18T10:37:40.652+00:00,8,3.74,0
2026-04-18T10:37:42.655+00:00,1,2.96,0
2026-04-18T10:37:42.655+00:00,2,2.32,0
2026-04-18T10:37:42.655+00:00,3,2.1,0
2026-04-18T10:37:42.655+00:00,4,7.9,0
2026-04-18T10:37:42.655+00:00,5,7.05,0
2026-04-18T10:37:42.655+00:00,6,7.5,1
2026-04-18T10:37:42.655+00:00,7,2.3,0
2026-04-18T10:37:42.655+00:00,8,3.74,0
2026-04-18T10:37:44.659+00:00,1,2.93,0
2026-04-18T10:37:44.659+00:00,2,2.21,0
2026-04-18T10:37:44.659+00:00,3,2.1,0
2026-04-18T10:37:44.659+00:00,4,7.75,0
2026-04-18T10:37:44.659+00:00,5,7.37,0
2026-04-18T10:37:44.659+00:00,6,2.72,0
2026-04-18T10:37:44.659+00:00,7,2.3,0
2026-04-18T10:37:44.659+00:00,8,3.74,0
2026-04-18T10:37:46.662+00:00,1,2.97,0
2026-04-18T10:37:46.662+00:00,2,2.32,0
2026-04-18T10:37:46.662+00:00,3,2.1,0
2026-04-18T10:37:46.662+00:00,4,7.74,0
2026-04-18T10:37:46.662+00:00,5,7.1,0
2026-04-18T10:37:46.662+00:00,6,2.75,0
2026-04-18T10:37:46.662+00:00,7,2.31,0
2026-04-18T10:37:46.662+00:00,8,3.74,0
2026-04-18T10:37:48.664+00:00,1,2.91,0
2026-04-18T10:37:48.664+00:00,2,2.21,0
2026-04-18T10:37:48.664+00:00,3,2.1,0
2026-04-18T10:37:48.664+00:00,4,7.66,0
2026-04-18T10:37:48.664+00:00,5,7.1,0
2026-04-18T10:37:48.664+00:00,6,2.86,0
2026-04-18T10:37:48.664+00:00,7,2.26,0
2026-04-18T10:37:48.664+00:00,8,3.74,0
2026-04-18T10:37:50.667+00:00,1,2.87,0
2026-04-18T10:37:50.667+00:00,2,2.26,0
2026-04-18T10:37:50.667+00:00,3,2.1,0
2026-04-18T10:37:50.667+00:00,4,7.63,0
2026-04-18T10:37:50.667+00:00,5,7.11,0
2026-04-18T10:37:50.667+00:00,6,1.5,1
2026-04-18T10:37:50.667+00:00,7,2.69,0
2026-04-18T10:37:50.667+00:00,8,3.74,0
2026-04-18T10:37:52.670+00:00,1,2.87,0
2026-04-18T10:37:52.670+00:00,2,2.34,0
2026-04-18T10:37:52.670+00:00,3,2.1,0
2026-04-18T10:37:52.670+00:00,4,7.97,0
2026-04-18T10:37:52.670+00:00,5,7.4,0
2026-04-18T10:37:52.670+00:00,6,7.5,1
2026-04-18T10:37:52.670+00:00,7,2.69,0
2026-04-18T10:37:52.670+00:00,8,3.74,0
2026-04-18T10:37:54.673+00:00,1,3.0,0
2026-04-18T10:37:54.673+00:00,2,2.33,0
2026-04-18T10:37:54.673+00:00,3,2.1,0
2026-04-18T10:37:54.673+00:00,4,7.93,0
2026-04-18T10:37:54.673+00:00,5,7.21,0
2026-04-18T10:37:54.673+00:00,6,1.5,1
2026-04-18T10:37:54.673+00:00,7,2.69,0
2026-04-18T10:37:54.673+00:00,8,3.74,0
2026-04-18T10:37:56.677+00:00,1,2.97,0
2026-04-18T10:37:56.677+00:00,2,2.15,0
2026-04-18T10:37:56.677+00:00,3,2.1,0
2026-04-18T10:37:56.677+00:00,4,7.71,0
2026-04-18T10:37:56.677+00:00,5,7.23,0
2026-04-18T10:37:56.677+00:00,6,7.5,1
2026-04-18T10:37:56.677+00:00,7,2.69,0
2026-04-18T10:37:56.677+00:00,8,3.74,0
2026-04-18T10:37:58.680+00:00,1,2.93,0
2026-04-18T10:37:58.680+00:00,2,2.3,0
2026-04-18T10:37:58.680+00:00,3,2.1,0
2026-04-18T10:37:58.680+00:00,4,7.69,0
2026-04-18T10:37:58.680+00:00,5,7.23,0
2026-04-18T10:37:58.680+00:00,6,1.5,1
2026-04-18T10:37:58.680+00:00,7,2.69,0
2026-04-18T10:37:58.680+00:00,8,3.74,0
2026-04-18T10:38:00.683+00:00,1,2.9,0
2026-04-18T10:38:00.683+00:00,2,2.19,0
2026-04-18T10:38:00.683+00:00,3,2.1,0
2026-04-18T10:38:00.683+00:00,4,8.02,0
2026-04-18T10:38:00.683+00:00,5,7.17,0
2026-04-18T10:38:00.683+00:00,6,7.5,1
2026-04-18T10:38:00.683+00:00,7,2.69,0
2026-04-18T10:38:00.683+00:00,8,3.74,0
2026-04-18T10:38:02.686+00:00,1,2.95,0
2026-04-18T10:38:02.686+00:00,2,2.23,0
2026-04-18T10:38:02.686+00:00,3,2.1,0
2026-04-18T10:38:02.686+00:00,4,7.7,0
2026-04-18T10:38:02.686+00:00,5,7.06,0
2026-04-18T10:38:02.686+00:00,6,2.45,0
2026-04-18T10:38:02.686+00:00,7,2.69,0
2026-04-18T10:38:02.686+00:00,8,3.74,0
2026-04-18T10:38:04.688+00:00,1,2.84,0
2026-04-18T10:38:04.688+00:00,2,2.17,0
2026-04-18T10:38:04.688+00:00,3,2.1,0
2026-04-18T10:38:04.688+00:00,4,7.86,0
2026-04-18T10:38:04.688+00:00,5,7.16,0
2026-04-18T10:38:04.688+00:00,6,2.49,0
2026-04-18T10:38:04.688+00:00,7,2.69,0
2026-04-18T10:38:04.688+00:00,8,3.74,0
2026-04-18T10:38:06.690+00:00,1,2.94,0
2026-04-18T10:38:06.690+00:00,2,2.32,0
2026-04-18T10:38:06.690+00:00,3,2.1,0
2026-04-18T10:38:06.690+00:00,4,7.74,0
2026-04-18T10:38:06.690+00:00,5,7.17,0
2026-04-18T10:38:06.690+00:00,6,2.46,0
2026-04-18T10:38:06.690+00:00,7,2.69,0
2026-04-18T10:38:06.690+00:00,8,3.74,0
2026-04-18T10:38:08.695+00:00,1,2.98,0
2026-04-18T10:38:08.695+00:00,2,2.26,0
2026-04-18T10:38:08.695+00:00,3,2.1,0
2026-04-18T10:38:08.695+00:00,4,7.91,0
2026-04-18T10:38:08.695+00:00,5,7.33,0
2026-04-18T10:38:08.695+00:00,6,2.49,0
2026-04-18T10:38:08.695+00:00,7,2.69,0
2026-04-18T10:38:08.695+00:00,8,3.74,0
2026-04-18T10:38:10.697+00:00,1,2.98,0
2026-04-18T10:38:10.697+00:00,2,2.22,0
2026-04-18T10:38:10.697+00:00,3,2.1,0
2026-04-18T10:38:10.697+00:00,4,7.98,0
2026-04-18T10:38:10.697+00:00,5,7.39,0
2026-04-18T10:38:10.697+00:00,6,2.41,0
2026-04-18T10:38:10.697+00:00,7,2.69,0
2026-04-18T10:38:10.697+00:00,8,3.74,0
2026-04-18T10:38:12.699+00:00,1,2.92,0
2026-04-18T10:38:12.699+00:00,2,2.34,0
2026-04-18T10:38:12.699+00:00,3,2.1,0
2026-04-18T10:38:12.699+00:00,4,7.75,0
2026-04-18T10:38:12.699+00:00,5,7.28,0
2026-04-18T10:38:12.699+00:00,6,2.53,0
2026-04-18T10:38:12.699+00:00,7,2.69,0
2026-04-18T10:38:12.699+00:00,8,3.74,0
2026-04-18T10:38:14.703+00:00,1,2.86,0
2026-04-18T10:38:14.703+00:00,2,2.33,0
2026-04-18T10:38:14.703+00:00,3,2.1,0
2026-04-18T10:38:14.703+00:00,4,7.69,0
2026-04-18T10:38:14.703+00:00,5,7.01,0
2026-04-18T10:38:14.703+00:00,6,2.45,0
2026-04-18T10:38:14.703+00:00,7,2.69,0
2026-04-18T10:38:14.703+00:00,8,6.51,0
2026-04-18T10:38:16.706+00:00,1,3.02,0
2026-04-18T10:38:16.706+00:00,2,2.23,0
2026-04-18T10:38:16.706+00:00,3,2.1,0
2026-04-18T10:38:16.706+00:00,4,7.99,0
2026-04-18T10:38:16.706+00:00,5,10.41,1
2026-04-18T10:38:16.706+00:00,6,2.55,0
2026-04-18T10:38:16.706+00:00,7,2.69,0
2026-04-18T10:38:16.706+00:00,8,6.51,0
2026-04-18T10:38:18.709+00:00,1,2.93,0
2026-04-18T10:38:18.709+00:00,2,2.21,0
2026-04-18T10:38:18.709+00:00,3,0.15,1
2026-04-18T10:38:18.709+00:00,4,7.77,0
2026-04-18T10:38:18.709+00:00,5,13.98,1
2026-04-18T10:38:18.709+00:00,6,2.57,0
2026-04-18T10:38:18.709+00:00,7,2.69,0
2026-04-18T10:38:18.709+00:00,8,6.58,0
2026-04-18T10:38:20.714+00:00,1,2.94,0
2026-04-18T10:38:20.714+00:00,2,4.24,0
2026-04-18T10:38:20.714+00:00,3,11.24,1
2026-04-18T10:38:20.714+00:00,4,7.63,0
2026-04-18T10:38:20.714+00:00,5,10.39,1
2026-04-18T10:38:20.714+00:00,6,2.42,0
2026-04-18T10:38:20.714+00:00,7,2.69,0
2026-04-18T10:38:20.714+00:00,8,6.4,0
2026-04-18T10:38:22.718+00:00,1,3.0,0
2026-04-18T10:38:22.718+00:00,2,4.24,0
2026-04-18T10:38:22.718+00:00,3,12.13,1
2026-04-18T10:38:22.718+00:00,4,7.71,0
2026-04-18T10:38:22.718+00:00,5,14.03,1
2026-04-18T10:38:22.718+00:00,6,2.46,0
2026-04-18T10:38:22.718+00:00,7,2.69,0
2026-04-18T10:38:22.718+00:00,8,6.3,0
2026-04-18T10:38:24.723+00:00,1,2.86,0
2026-04-18T10:38:24.723+00:00,2,4.24,0
2026-04-18T10:38:24.723+00:00,3,14.67,1
2026-04-18T10:38:24.723+00:00,4,7.79,0
2026-04-18T10:38:24.723+00:00,5,0.33,1
2026-04-18T10:38:24.723+00:00,6,2.42,0
2026-04-18T10:38:24.723+00:00,7,2.69,0
2026-04-18T10:38:24.723+00:00,8,6.69,0
2026-04-18T10:38:26.727+00:00,1,2.87,0
2026-04-18T10:38:26.727+00:00,2,4.24,0
2026-04-18T10:38:26.727+00:00,3,0.41,1
2026-04-18T10:38:26.727+00:00,4,7.99,0
2026-04-18T10:38:26.727+00:00,5,0.33,1
2026-04-18T10:38:26.727+00:00,6,2.39,0
2026-04-18T10:38:26.727+00:00,7,2.69,0
2026-04-18T10:38:26.727+00:00,8,6.67,0
2026-04-18T10:38:28.731+00:00,1,3.03,0
2026-04-18T10:38:28.731+00:00,2,4.24,0
2026-04-18T10:38:28.731+00:00,3,0.35,1
2026-04-18T10:38:28.731+00:00,4,7.97,0
2026-04-18T10:38:28.731+00:00,5,13.64,1
2026-04-18T10:38:28.731+00:00,6,2.51,0
2026-04-18T10:38:28.731+00:00,7,2.69,0
2026-04-18T10:38:28.731+00:00,8,6.67,0
2026-04-18T10:38:30.735+00:00,1,2.98,0
2026-04-18T10:38:30.735+00:00,2,4.24,0
2026-04-18T10:38:30.735+00:00,3,0.46,1
2026-04-18T10:38:30.735+00:00,4,7.72,0
2026-04-18T10:38:30.735+00:00,5,14.59,1
2026-04-18T10:38:30.735+00:00,6,2.57,0
2026-04-18T10:38:30.735+00:00,7,2.69,0
2026-04-18T10:38:30.735+00:00,8,6.65,0
2026-04-18T10:38:32.741+00:00,1,2.92,0
2026-04-18T10:38:32.741+00:00,2,4.24,0
2026-04-18T10:38:32.741+00:00,3,14.63,1
2026-04-18T10:38:32.741+00:00,4,7.76,0
2026-04-18T10:38:32.741+00:00,5,0.49,1
2026-04-18T10:38:32.741+00:00,6,2.46,0
2026-04-18T10:38:32.741+00:00,7,2.69,0
2026-04-18T10:38:32.741+00:00,8,6.45,0
2026-04-18T10:38:34.746+00:00,1,2.88,0
2026-04-18T10:38:34.746+00:00,2,4.24,0
2026-04-18T10:38:34.746+00:00,3,7.15,0
2026-04-18T10:38:34.746+00:00,4,7.99,0
2026-04-18T10:38:34.746+00:00,5,7.58,0
2026-04-18T10:38:34.746+00:00,6,2.53,0
2026-04-18T10:38:34.746+00:00,7,2.69,0
2026-04-18T10:38:34.746+00:00,8,5.95,0
2026-04-18T10:38:36.748+00:00,1,2.99,0
2026-04-18T10:38:36.748+00:00,2,4.24,0
2026-04-18T10:38:36.748+00:00,3,7.31,0
2026-04-18T10:38:36.748+00:00,4,7.98,0
2026-04-18T10:38:36.748+00:00,5,7.48,0
2026-04-18T10:38:36.748+00:00,6,4.01,0
2026-04-18T10:38:36.748+00:00,7,11.47,1
2026-04-18T10:38:36.748+00:00,8,5.95,0
2026-04-18T10:38:38.752+00:00,1,2.84,0
2026-04-18T10:38:38.752+00:00,2,4.24,0
2026-04-18T10:38:38.752+00:00,3,1.5,1
2026-04-18T10:38:38.752+00:00,4,7.91,0
2026-04-18T10:38:38.752+00:00,5,7.73,0
2026-04-18T10:38:38.752+00:00,6,4.01,0
2026-04-18T10:38:38.752+00:00,7,11.54,1
2026-04-18T10:38:38.752+00:00,8,5.95,0
2026-04-18T10:38:40.755+00:00,1,2.94,0
2026-04-18T10:38:40.755+00:00,2,4.24,0
2026-04-18T10:38:40.755+00:00,3,7.5,1
2026-04-18T10:38:40.755+00:00,4,7.8,0
2026-04-18T10:38:40.755+00:00,5,7.39,0
2026-04-18T10:38:40.755+00:00,6,4.01,0
2026-04-18T10:38:40.755+00:00,7,11.7,1
2026-04-18T10:38:40.755+00:00,8,5.95,0
2026-04-18T10:38:42.758+00:00,1,2.87,0
2026-04-18T10:38:42.758+00:00,2,4.24,0
2026-04-18T10:38:42.758+00:00,3,1.5,1
2026-04-18T10:38:42.758+00:00,4,7.9,0
2026-04-18T10:38:42.758+00:00,5,7.64,0
2026-04-18T10:38:42.758+00:00,6,4.01,0
2026-04-18T10:38:42.758+00:00,7,12.85,1
2026-04-18T10:38:42.758+00:00,8,5.95,0
2026-04-18T10:38:44.762+00:00,1,3.03,0
2026-04-18T10:38:44.762+00:00,2,4.24,0
2026-04-18T10:38:44.762+00:00,3,7.5,1
2026-04-18T10:38:44.762+00:00,4,7.75,0
2026-04-18T10:38:44.762+00:00,5,7.48,0
2026-04-18T10:38:44.762+00:00,6,4.01,0
2026-04-18T10:38:44.762+00:00,7,13.05,1
2026-04-18T10:38:44.762+00:00,8,5.95,0
2026-04-18T10:38:46.766+00:00,1,3.01,0
2026-04-18T10:38:46.766+00:00,2,4.24,0
2026-04-18T10:38:46.766+00:00,3,1.5,1
2026-04-18T10:38:46.766+00:00,4,7.68,0
2026-04-18T10:38:46.766+00:00,5,7.54,0
2026-04-18T10:38:46.766+00:00,6,4.01,0
2026-04-18T10:38:46.766+00:00,7,0.87,1
2026-04-18T10:38:46.766+00:00,8,5.95,0
2026-04-18T10:38:48.768+00:00,1,3.0,0
2026-04-18T10:38:48.768+00:00,2,4.24,0
2026-04-18T10:38:48.768+00:00,3,7.5,1
2026-04-18T10:38:48.768+00:00,4,7.88,0
2026-04-18T10:38:48.768+00:00,5,7.51,0
2026-04-18T10:38:48.768+00:00,6,4.01,0
2026-04-18T10:38:48.768+00:00,7,1.81,0
2026-04-18T10:38:48.768+00:00,8,5.95,0
2026-04-18T10:38:50.773+00:00,1,3.01,0
2026-04-18T10:38:50.773+00:00,2,4.24,0
2026-04-18T10:38:50.773+00:00,3,1.5,1
2026-04-18T10:38:50.773+00:00,4,7.85,0
2026-04-18T10:38:50.773+00:00,5,7.35,0
2026-04-18T10:38:50.773+00:00,6,4.01,0
2026-04-18T10:38:50.773+00:00,7,1.83,0
2026-04-18T10:38:50.773+00:00,8,5.95,0
2026-04-18T10:38:52.776+00:00,1,3.03,0
2026-04-18T10:38:52.776+00:00,2,4.24,0
2026-04-18T10:38:52.776+00:00,3,7.5,1
2026-04-18T10:38:52.776+00:00,4,7.87,0
2026-04-18T10:38:52.776+00:00,5,7.65,0
2026-04-18T10:38:52.776+00:00,6,4.01,0
2026-04-18T10:38:52.776+00:00,7,1.76,0
2026-04-18T10:38:52.776+00:00,8,5.95,0
2026-04-18T10:38:54.780+00:00,1,2.97,0
2026-04-18T10:38:54.780+00:00,2,4.24,0
2026-04-18T10:38:54.780+00:00,3,6.94,0
2026-04-18T10:38:54.780+00:00,4,7.92,0
2026-04-18T10:38:54.780+00:00,5,7.39,0
2026-04-18T10:38:54.780+00:00,6,4.01,0
2026-04-18T10:38:54.780+00:00,7,1.79,0
2026-04-18T10:38:54.780+00:00,8,5.95,0
2026-04-18T10:38:56.783+00:00,1,2.96,0
2026-04-18T10:38:56.783+00:00,2,4.24,0
2026-04-18T10:38:56.783+00:00,3,6.94,0
2026-04-18T10:38:56.783+00:00,4,7.7,0
2026-04-18T10:38:56.783+00:00,5,7.4,0
2026-04-18T10:38:56.783+00:00,6,4.01,0
2026-04-18T10:38:56.783+00:00,7,1.74,0
2026-04-18T10:38:56.783+00:00,8,5.95,0
2026-04-18T10:38:58.785+00:00,1,3.04,0
2026-04-18T10:38:58.785+00:00,2,4.24,0
2026-04-18T10:38:58.785+00:00,3,6.94,0
2026-04-18T10:38:58.785+00:00,4,8.0,0
2026-04-18T10:38:58.785+00:00,5,7.71,0
2026-04-18T10:38:58.785+00:00,6,4.01,0
2026-04-18T10:38:58.785+00:00,7,1.67,0
2026-04-18T10:38:58.785+00:00,8,5.95,0
2026-04-18T10:39:00.788+00:00,1,2.96,0
2026-04-18T10:39:00.788+00:00,2,4.24,0
2026-04-18T10:39:00.788+00:00,3,6.94,0
2026-04-18T10:39:00.788+00:00,4,7.91,0
2026-04-18T10:39:00.788+00:00,5,7.45,0
2026-04-18T10:39:00.788+00:00,6,4.01,0
2026-04-18T10:39:00.788+00:00,7,1.64,0
2026-04-18T10:39:00.788+00:00,8,5.95,0
2026-04-18T10:39:02.790+00:00,1,3.0,0
2026-04-18T10:39:02.790+00:00,2,4.24,0
2026-04-18T10:39:02.790+00:00,3,6.94,0
2026-04-18T10:39:02.790+00:00,4,7.1,0
2026-04-18T10:39:02.790+00:00,5,7.56,0
2026-04-18T10:39:02.790+00:00,6,4.01,0
2026-04-18T10:39:02.790+00:00,7,1.76,0
2026-04-18T10:39:02.790+00:00,8,5.95,0
2026-04-18T10:39:04.793+00:00,1,3.04,0
2026-04-18T10:39:04.793+00:00,2,4.24,0
2026-04-18T10:39:04.793+00:00,3,6.94,0
2026-04-18T10:39:04.793+00:00,4,6.51,0
2026-04-18T10:39:04.793+00:00,5,7.49,0
2026-04-18T10:39:04.793+00:00,6,4.01,0
2026-04-18T10:39:04.793+00:00,7,1.75,0
2026-04-18T10:39:04.793+00:00,8,5.95,0
2026-04-18T10:39:06.795+00:00,1,3.0,0
2026-04-18T10:39:06.795+00:00,2,4.24,0
2026-04-18T10:39:06.795+00:00,3,6.94,0
2026-04-18T10:39:06.795+00:00,4,5.92,0
2026-04-18T10:39:06.795+00:00,5,7.64,0
2026-04-18T10:39:06.795+00:00,6,4.01,0
2026-04-18T10:39:06.795+00:00,7,1.77,0
2026-04-18T10:39:06.795+00:00,8,5.95,0
2026-04-18T10:39:08.798+00:00,1,2.9,0
2026-04-18T10:39:08.798+00:00,2,4.24,0
2026-04-18T10:39:08.798+00:00,3,6.94,0
2026-04-18T10:39:08.798+00:00,4,4.82,0
2026-04-18T10:39:08.798+00:00,5,7.64,0
2026-04-18T10:39:08.798+00:00,6,4.01,0
2026-04-18T10:39:08.798+00:00,7,1.65,0
2026-04-18T10:39:08.798+00:00,8,5.95,0
2026-04-18T10:39:10.801+00:00,1,3.03,0
2026-04-18T10:39:10.801+00:00,2,4.24,0
2026-04-18T10:39:10.801+00:00,3,6.94,0
2026-04-18T10:39:10.801+00:00,4,4.04,0
2026-04-18T10:39:10.801+00:00,5,7.65,0
2026-04-18T10:39:10.801+00:00,6,4.01,0
2026-04-18T10:39:10.801+00:00,7,1.64,0
2026-04-18T10:39:10.801+00:00,8,5.95,0
2026-04-18T10:39:12.804+00:00,1,3.01,0
2026-04-18T10:39:12.804+00:00,2,4.24,0
2026-04-18T10:39:12.804+00:00,3,6.94,0
2026-04-18T10:39:12.804+00:00,4,3.27,0
2026-04-18T10:39:12.804+00:00,5,7.66,0
2026-04-18T10:39:12.804+00:00,6,4.01,0
2026-04-18T10:39:12.804+00:00,7,1.69,0
2026-04-18T10:39:12.804+00:00,8,5.95,0
2026-04-18T10:39:14.806+00:00,1,2.97,0
2026-04-18T10:39:14.806+00:00,2,4.24,0
2026-04-18T10:39:14.806+00:00,3,6.94,0
2026-04-18T10:39:14.806+00:00,4,2.77,0
2026-04-18T10:39:14.806+00:00,5,7.51,0
2026-04-18T10:39:14.806+00:00,6,4.01,0
2026-04-18T10:39:14.806+00:00,7,1.74,0
2026-04-18T10:39:14.806+00:00,8,5.95,0
2026-04-18T10:39:16.809+00:00,1,2.92,0
2026-04-18T10:39:16.809+00:00,2,4.24,0
2026-04-18T10:39:16.809+00:00,3,6.94,0
2026-04-18T10:39:16.809+00:00,4,2.84,0
2026-04-18T10:39:16.809+00:00,5,6.53,0
2026-04-18T10:39:16.809+00:00,6,4.01,0
2026-04-18T10:39:16.809+00:00,7,1.65,0
2026-04-18T10:39:16.809+00:00,8,5.95,0
2026-04-18T10:39:18.813+00:00,1,2.97,0
2026-04-18T10:39:18.813+00:00,2,4.24,0
2026-04-18T10:39:18.813+00:00,3,6.94,0
2026-04-18T10:39:18.813+00:00,4,2.89,0
2026-04-18T10:39:18.813+00:00,5,5.95,0
2026-04-18T10:39:18.813+00:00,6,0.11,1
2026-04-18T10:39:18.813+00:00,7,1.77,0
2026-04-18T10:39:18.813+00:00,8,6.83,0
2026-04-18T10:39:20.818+00:00,1,6.84,0
2026-04-18T10:39:20.818+00:00,2,4.24,1
2026-04-18T10:39:20.818+00:00,3,6.94,0
2026-04-18T10:39:20.818+00:00,4,2.94,0
2026-04-18T10:39:20.818+00:00,5,4.94,0
2026-04-18T10:39:20.818+00:00,6,11.02,1
2026-04-18T10:39:20.818+00:00,7,1.66,0
2026-04-18T10:39:20.818+00:00,8,6.61,0
2026-04-18T10:39:22.822+00:00,1,6.94,0
2026-04-18T10:39:22.822+00:00,2,6.75,0
2026-04-18T10:39:22.822+00:00,3,6.94,0
2026-04-18T10:39:22.822+00:00,4,2.75,0
2026-04-18T10:39:22.822+00:00,5,4.15,0
2026-04-18T10:39:22.822+00:00,6,0.14,1
2026-04-18T10:39:22.822+00:00,7,5.72,0
2026-04-18T10:39:22.822+00:00,8,6.7,0
2026-04-18T10:39:24.825+00:00,1,6.82,0
2026-04-18T10:39:24.825+00:00,2,6.67,0
2026-04-18T10:39:24.825+00:00,3,6.94,0
2026-04-18T10:39:24.825+00:00,4,2.9,0
2026-04-18T10:39:24.825+00:00,5,3.38,0
2026-04-18T10:39:24.825+00:00,6,10.74,1
2026-04-18T10:39:24.825+00:00,7,5.72,0
2026-04-18T10:39:24.825+00:00,8,6.98,0
2026-04-18T10:39:26.828+00:00,1,6.9,0
2026-04-18T10:39:26.828+00:00,2,6.44,0
2026-04-18T10:39:26.828+00:00,3,6.94,0
2026-04-18T10:39:26.828+00:00,4,2.82,0
2026-04-18T10:39:26.828+00:00,5,2.96,0
2026-04-18T10:39:26.828+00:00,6,0.67,1
2026-04-18T10:39:26.828+00:00,7,5.72,0
2026-04-18T10:39:26.828+00:00,8,6.8,0
2026-04-18T10:39:28.833+00:00,1,7.16,0
2026-04-18T10:39:28.833+00:00,2,6.64,0
2026-04-18T10:39:28.833+00:00,3,6.94,0
2026-04-18T10:39:28.833+00:00,4,2.91,0
2026-04-18T10:39:28.833+00:00,5,2.91,0
2026-04-18T10:39:28.833+00:00,6,0.56,1
2026-04-18T10:39:28.833+00:00,7,5.72,0
2026-04-18T10:39:28.833+00:00,8,6.91,0
2026-04-18T10:39:30.836+00:00,1,6.89,0
2026-04-18T10:39:30.836+00:00,2,6.38,0
2026-04-18T10:39:30.836+00:00,3,6.94,0
2026-04-18T10:39:30.836+00:00,4,2.77,0
2026-04-18T10:39:30.836+00:00,5,3.02,0
2026-04-18T10:39:30.836+00:00,6,0.62,1
2026-04-18T10:39:30.836+00:00,7,5.72,0
2026-04-18T10:39:30.836+00:00,8,6.72,0
2026-04-18T10:39:32.839+00:00,1,7.03,0
2026-04-18T10:39:32.839+00:00,2,6.45,0
2026-04-18T10:39:32.839+00:00,3,6.94,0
2026-04-18T10:39:32.839+00:00,4,2.74,0
2026-04-18T10:39:32.839+00:00,5,2.94,0
2026-04-18T10:39:32.839+00:00,6,0.6,1
2026-04-18T10:39:32.839+00:00,7,5.72,0
2026-04-18T10:39:32.839+00:00,8,6.77,0
2026-04-18T10:39:34.843+00:00,1,6.87,0
2026-04-18T10:39:34.843+00:00,2,6.72,0
2026-04-18T10:39:34.843+00:00,3,6.94,0
2026-04-18T10:39:34.843+00:00,4,2.78,0
2026-04-18T10:39:34.843+00:00,5,14.11,1
2026-04-18T10:39:34.843+00:00,6,10.44,1
2026-04-18T10:39:34.843+00:00,7,5.72,0
2026-04-18T10:39:34.843+00:00,8,6.63,0
2026-04-18T10:39:36.846+00:00,1,6.82,0
2026-04-18T10:39:36.846+00:00,2,6.62,0
2026-04-18T10:39:36.846+00:00,3,6.94,0
2026-04-18T10:39:36.846+00:00,4,2.76,0
2026-04-18T10:39:36.846+00:00,5,12.76,1
2026-04-18T10:39:36.846+00:00,6,1.79,0
2026-04-18T10:39:36.846+00:00,7,5.72,0
2026-04-18T10:39:36.846+00:00,8,6.95,0
2026-04-18T10:39:38.849+00:00,1,7.0,0
2026-04-18T10:39:38.849+00:00,2,6.4,0
2026-04-18T10:39:38.849+00:00,3,6.94,0
2026-04-18T10:39:38.849+00:00,4,2.91,0
2026-04-18T10:39:38.849+00:00,5,0.33,1
2026-04-18T10:39:38.849+00:00,6,1.95,0
2026-04-18T10:39:38.849+00:00,7,5.72,0
2026-04-18T10:39:38.849+00:00,8,6.63,0
2026-04-18T10:39:40.852+00:00,1,7.15,0
2026-04-18T10:39:40.852+00:00,2,6.6,0
2026-04-18T10:39:40.852+00:00,3,6.94,0
2026-04-18T10:39:40.852+00:00,4,2.86,0
2026-04-18T10:39:40.852+00:00,5,0.8,1
2026-04-18T10:39:40.852+00:00,6,1.9,0
2026-04-18T10:39:40.852+00:00,7,5.72,0
2026-04-18T10:39:40.852+00:00,8,6.93,0
2026-04-18T10:39:42.856+00:00,1,7.17,0
2026-04-18T10:39:42.856+00:00,2,6.53,0
2026-04-18T10:39:42.856+00:00,3,6.94,0
2026-04-18T10:39:42.856+00:00,4,2.89,0
2026-04-18T10:39:42.856+00:00,5,11.73,1
2026-04-18T10:39:42.856+00:00,6,1.85,0
2026-04-18T10:39:42.856+00:00,7,5.72,0
2026-04-18T10:39:42.856+00:00,8,6.79,0
2026-04-18T10:39:44.859+00:00,1,7.06,0
2026-04-18T10:39:44.859+00:00,2,6.45,0
2026-04-18T10:39:44.859+00:00,3,6.79,0
2026-04-18T10:39:44.859+00:00,4,2.93,0
2026-04-18T10:39:44.859+00:00,5,11.54,1
2026-04-18T10:39:44.859+00:00,6,1.88,0
2026-04-18T10:39:44.859+00:00,7,5.72,0
2026-04-18T10:39:44.859+00:00,8,6.68,0
2026-04-18T10:39:46.862+00:00,1,6.95,0
2026-04-18T10:39:46.862+00:00,2,6.63,0
2026-04-18T10:39:46.862+00:00,3,6.69,0
2026-04-18T10:39:46.862+00:00,4,2.81,0
2026-04-18T10:39:46.862+00:00,5,12.4,1
2026-04-18T10:39:46.862+00:00,6,1.91,0
2026-04-18T10:39:46.862+00:00,7,5.72,0
2026-04-18T10:39:46.862+00:00,8,6.72,0
2026-04-18T10:39:48.865+00:00,1,6.98,0
2026-04-18T10:39:48.865+00:00,2,6.53,0
2026-04-18T10:39:48.865+00:00,3,6.78,0
2026-04-18T10:39:48.865+00:00,4,2.88,0
2026-04-18T10:39:48.865+00:00,5,13.74,1
2026-04-18T10:39:48.865+00:00,6,1.81,0
2026-04-18T10:39:48.865+00:00,7,5.72,0
2026-04-18T10:39:48.865+00:00,8,6.62,0
2026-04-18T10:39:50.867+00:00,1,6.93,0
2026-04-18T10:39:50.867+00:00,2,6.4,0
2026-04-18T10:39:50.867+00:00,3,6.76,0
2026-04-18T10:39:50.867+00:00,4,1.5,1
2026-04-18T10:39:50.867+00:00,5,0.54,1
2026-04-18T10:39:50.867+00:00,6,1.82,0
2026-04-18T10:39:50.867+00:00,7,5.72,0
2026-04-18T10:39:50.867+00:00,8,6.82,0
2026-04-18T10:39:52.872+00:00,1,6.89,0
2026-04-18T10:39:52.872+00:00,2,6.49,0
2026-04-18T10:39:52.872+00:00,3,6.84,0
2026-04-18T10:39:52.872+00:00,4,7.5,1
2026-04-18T10:39:52.872+00:00,5,0.57,1
2026-04-18T10:39:52.872+00:00,6,1.94,0
2026-04-18T10:39:52.872+00:00,7,5.72,0
2026-04-18T10:39:52.872+00:00,8,6.86,0
2026-04-18T10:39:54.875+00:00,1,7.04,0
2026-04-18T10:39:54.875+00:00,2,6.56,0
2026-04-18T10:39:54.875+00:00,3,6.82,0
2026-04-18T10:39:54.875+00:00,4,1.5,1
2026-04-18T10:39:54.875+00:00,5,0.81,1
2026-04-18T10:39:54.875+00:00,6,1.81,0
2026-04-18T10:39:54.875+00:00,7,5.72,0
2026-04-18T10:39:54.875+00:00,8,6.65,0
2026-04-18T10:39:56.879+00:00,1,7.13,0
2026-04-18T10:39:56.879+00:00,2,6.54,0
2026-04-18T10:39:56.879+00:00,3,6.51,0
2026-04-18T10:39:56.879+00:00,4,7.5,1
2026-04-18T10:39:56.879+00:00,5,14.89,1
2026-04-18T10:39:56.879+00:00,6,1.8,0
2026-04-18T10:39:56.879+00:00,7,5.72,0
2026-04-18T10:39:56.879+00:00,8,6.74,0
2026-04-18T10:39:58.881+00:00,1,7.12,0
2026-04-18T10:39:58.881+00:00,2,6.63,0
2026-04-18T10:39:58.881+00:00,3,6.8,0
2026-04-18T10:39:58.881+00:00,4,1.5,1
2026-04-18T10:39:58.881+00:00,5,11.52,1
2026-04-18T10:39:58.881+00:00,6,1.94,0
2026-04-18T10:39:58.881+00:00,7,5.72,0
2026-04-18T10:39:58.881+00:00,8,6.78,0
2026-04-18T10:40:00.885+00:00,1,7.15,0
2026-04-18T10:40:00.885+00:00,2,6.49,0
2026-04-18T10:40:00.885+00:00,3,6.69,0
2026-04-18T10:40:00.885+00:00,4,7.5,1
2026-04-18T10:40:00.885+00:00,5,2.72,0
2026-04-18T10:40:00.885+00:00,6,1.89,0
2026-04-18T10:40:00.885+00:00,7,5.72,0
2026-04-18T10:40:00.885+00:00,8,6.73,0
2026-04-18T10:40:02.887+00:00,1,6.95,0
2026-04-18T10:40:02.887+00:00,2,6.39,0
2026-04-18T10:40:02.887+00:00,3,6.48,0
2026-04-18T10:40:02.887+00:00,4,1.5,1
2026-04-18T10:40:02.887+00:00,5,2.86,0
2026-04-18T10:40:02.887+00:00,6,1.83,0
2026-04-18T10:40:02.887+00:00,7,5.72,0
2026-04-18T10:40:02.887+00:00,8,6.78,0
2026-04-18T10:40:04.889+00:00,1,6.94,0
2026-04-18T10:40:04.889+00:00,2,6.44,0
2026-04-18T10:40:04.889+00:00,3,6.58,0
2026-04-18T10:40:04.889+00:00,4,7.5,1
2026-04-18T10:40:04.889+00:00,5,2.73,0
2026-04-18T10:40:04.889+00:00,6,1.5,1
2026-04-18T10:40:04.889+00:00,7,5.72,0
2026-04-18T10:40:04.889+00:00,8,6.98,0
2026-04-18T10:40:06.891+00:00,1,7.02,0
2026-04-18T10:40:06.891+00:00,2,6.74,0
2026-04-18T10:40:06.891+00:00,3,6.6,0
2026-04-18T10:40:06.891+00:00,4,1.5,1
2026-04-18T10:40:06.891+00:00,5,2.79,0
2026-04-18T10:40:06.891+00:00,6,7.5,1
2026-04-18T10:40:06.891+00:00,7,5.72,0
2026-04-18T10:40:06.891+00:00,8,6.77,0
2026-04-18T10:40:08.894+00:00,1,7.06,0
2026-04-18T10:40:08.894+00:00,2,6.64,0
2026-04-18T10:40:08.894+00:00,3,6.77,0
2026-04-18T10:40:08.894+00:00,4,7.5,1
2026-04-18T10:40:08.894+00:00,5,2.87,0
2026-04-18T10:40:08.894+00:00,6,1.5,1
2026-04-18T10:40:08.894+00:00,7,5.72,0
2026-04-18T10:40:08.894+00:00,8,6.6,0
2026-04-18T10:40:10.897+00:00,1,7.12,0
2026-04-18T10:40:10.897+00:00,2,6.68,0
2026-04-18T10:40:10.897+00:00,3,6.78,0
2026-04-18T10:40:10.897+00:00,4,1.5,1
2026-04-18T10:40:10.897+00:00,5,2.74,0
2026-04-18T10:40:10.897+00:00,6,7.5,1
2026-04-18T10:40:10.897+00:00,7,5.72,0
2026-04-18T10:40:10.897+00:00,8,1.5,1
2026-04-18T10:40:12.903+00:00,1,7.02,0
2026-04-18T10:40:12.903+00:00,2,6.59,0
2026-04-18T10:40:12.903+00:00,3,6.84,0
2026-04-18T10:40:12.903+00:00,4,7.5,1
2026-04-18T10:40:12.903+00:00,5,2.88,0
2026-04-18T10:40:12.903+00:00,6,1.5,1
2026-04-18T10:40:12.903+00:00,7,5.72,0
2026-04-18T10:40:12.903+00:00,8,7.5,1
2026-04-18T10:40:14.910+00:00,1,7.09,0
2026-04-18T10:40:14.910+00:00,2,6.69,0
2026-04-18T10:40:14.910+00:00,3,6.53,0
2026-04-18T10:40:14.910+00:00,4,1.5,1
2026-04-18T10:40:14.910+00:00,5,2.86,0
2026-04-18T10:40:14.910+00:00,6,7.5,1
2026-04-18T10:40:14.910+00:00,7,5.72,0
2026-04-18T10:40:14.910+00:00,8,1.5,1
2026-04-18T10:40:16.914+00:00,1,7.07,0
2026-04-18T10:40:16.914+00:00,2,6.62,0
2026-04-18T10:40:16.914+00:00,3,6.51,0
2026-04-18T10:40:16.914+00:00,4,7.5,1
2026-04-18T10:40:16.914+00:00,5,2.72,0
2026-04-18T10:40:16.914+00:00,6,1.5,1
2026-04-18T10:40:16.914+00:00,7,8.14,0
2026-04-18T10:40:16.914+00:00,8,7.5,1
2026-04-18T10:40:18.916+00:00,1,6.86,0
2026-04-18T10:40:18.916+00:00,2,6.49,0
2026-04-18T10:40:18.916+00:00,3,6.52,0
2026-04-18T10:40:18.916+00:00,4,1.5,1
2026-04-18T10:40:18.916+00:00,5,2.75,0
2026-04-18T10:40:18.916+00:00,6,7.5,1
2026-04-18T10:40:18.916+00:00,7,7.82,0
2026-04-18T10:40:18.916+00:00,8,1.5,1
2026-04-18T10:40:20.921+00:00,1,7.14,0
2026-04-18T10:40:20.921+00:00,2,6.65,0
2026-04-18T10:40:20.921+00:00,3,6.83,0
2026-04-18T10:40:20.921+00:00,4,7.5,1
2026-04-18T10:40:20.921+00:00,5,2.73,0
2026-04-18T10:40:20.921+00:00,6,7.19,0
2026-04-18T10:40:20.921+00:00,7,7.81,0
2026-04-18T10:40:20.921+00:00,8,7.5,1
2026-04-18T10:40:22.923+00:00,1,7.02,0
2026-04-18T10:40:22.923+00:00,2,6.61,0
2026-04-18T10:40:22.923+00:00,3,6.53,0
2026-04-18T10:40:22.923+00:00,4,1.5,1
2026-04-18T10:40:22.923+00:00,5,2.73,0
2026-04-18T10:40:22.923+00:00,6,7.17,0
2026-04-18T10:40:22.923+00:00,7,7.78,0
2026-04-18T10:40:22.923+00:00,8,1.5,1
2026-04-18T10:40:24.927+00:00,1,6.84,0
2026-04-18T10:40:24.927+00:00,2,6.49,0
2026-04-18T10:40:24.927+00:00,3,6.68,0
2026-04-18T10:40:24.927+00:00,4,7.5,1
2026-04-18T10:40:24.927+00:00,5,2.86,0
2026-04-18T10:40:24.927+00:00,6,7.2,0
2026-04-18T10:40:24.927+00:00,7,7.94,0
2026-04-18T10:40:24.927+00:00,8,7.5,1
2026-04-18T10:40:26.941+00:00,1,6.83,0
2026-04-18T10:40:26.941+00:00,2,6.45,0
2026-04-18T10:40:26.941+00:00,3,6.79,0
2026-04-18T10:40:26.941+00:00,4,6.91,0
2026-04-18T10:40:26.941+00:00,5,1.5,1
2026-04-18T10:40:26.941+00:00,6,7.01,0
2026-04-18T10:40:26.941+00:00,7,8.07,0
2026-04-18T10:40:26.941+00:00,8,1.5,1
2026-04-18T10:40:28.945+00:00,1,7.14,0
2026-04-18T10:40:28.945+00:00,2,6.4,0
2026-04-18T10:40:28.945+00:00,3,6.45,0
2026-04-18T10:40:28.945+00:00,4,6.91,0
2026-04-18T10:40:28.945+00:00,5,7.5,1
2026-04-18T10:40:28.945+00:00,6,7.19,0
2026-04-18T10:40:28.945+00:00,7,7.79,0
2026-04-18T10:40:28.945+00:00,8,2.16,0
2026-04-18T10:40:30.948+00:00,1,7.01,0
2026-04-18T10:40:30.948+00:00,2,6.66,0
2026-04-18T10:40:30.948+00:00,3,6.72,0
2026-04-18T10:40:30.948+00:00,4,6.8,0
2026-04-18T10:40:30.948+00:00,5,1.5,1
2026-04-18T10:40:30.948+00:00,6,7.12,0
2026-04-18T10:40:30.948+00:00,7,8.12,0
2026-04-18T10:40:30.948+00:00,8,2.16,0
2026-04-18T10:40:32.952+00:00,1,6.41,0
2026-04-18T10:40:32.952+00:00,2,6.6,0
2026-04-18T10:40:32.952+00:00,3,6.58,0
2026-04-18T10:40:32.952+00:00,4,6.83,0
2026-04-18T10:40:32.952+00:00,5,7.5,1
2026-04-18T10:40:32.952+00:00,6,7.05,0
2026-04-18T10:40:32.952+00:00,7,7.88,0
2026-04-18T10:40:32.952+00:00,8,2.33,0
2026-04-18T10:40:34.955+00:00,1,5.28,0
2026-04-18T10:40:34.955+00:00,2,6.37,0
2026-04-18T10:40:34.955+00:00,3,6.56,0
2026-04-18T10:40:34.955+00:00,4,6.74,0
2026-04-18T10:40:34.955+00:00,5,1.5,1
2026-04-18T10:40:34.955+00:00,6,7.1,0
2026-04-18T10:40:34.955+00:00,7,7.85,0
2026-04-18T10:40:34.955+00:00,8,2.25,0
2026-04-18T10:40:36.958+00:00,1,4.7,0
2026-04-18T10:40:36.958+00:00,2,6.59,0
2026-04-18T10:40:36.958+00:00,3,6.54,0
2026-04-18T10:40:36.958+00:00,4,6.73,0
2026-04-18T10:40:36.958+00:00,5,7.5,1
2026-04-18T10:40:36.958+00:00,6,6.92,0
2026-04-18T10:40:36.958+00:00,7,8.01,0
2026-04-18T10:40:36.958+00:00,8,2.24,0
2026-04-18T10:40:38.961+00:00,1,3.72,0
2026-04-18T10:40:38.961+00:00,2,5.83,0
2026-04-18T10:40:38.961+00:00,3,6.83,0
2026-04-18T10:40:38.961+00:00,4,6.58,0
2026-04-18T10:40:38.961+00:00,5,1.5,1
2026-04-18T10:40:38.961+00:00,6,7.07,0
2026-04-18T10:40:38.961+00:00,7,7.96,0
2026-04-18T10:40:38.961+00:00,8,2.25,0
2026-04-18T10:40:40.964+00:00,1,3.01,0
2026-04-18T10:40:40.964+00:00,2,5.01,0
2026-04-18T10:40:40.964+00:00,3,6.85,0
2026-04-18T10:40:40.964+00:00,4,6.67,0
2026-04-18T10:40:40.964+00:00,5,7.5,1
2026-04-18T10:40:40.964+00:00,6,7.11,0
2026-04-18T10:40:40.964+00:00,7,1.5,1
2026-04-18T10:40:40.964+00:00,8,2.17,0
2026-04-18T10:40:42.967+00:00,1,2.45,0
2026-04-18T10:40:42.967+00:00,2,4.25,0
2026-04-18T10:40:42.967+00:00,3,6.56,0
2026-04-18T10:40:42.967+00:00,4,6.93,0
2026-04-18T10:40:42.967+00:00,5,1.5,1
2026-04-18T10:40:42.967+00:00,6,7.0,0
2026-04-18T10:40:42.967+00:00,7,7.5,1
2026-04-18T10:40:42.967+00:00,8,2.15,0
2026-04-18T10:40:44.970+00:00,1,2.35,0
2026-04-18T10:40:44.970+00:00,2,3.67,0
2026-04-18T10:40:44.970+00:00,3,2.74,0
2026-04-18T10:40:44.970+00:00,4,6.69,0
2026-04-18T10:40:44.970+00:00,5,7.5,1
2026-04-18T10:40:44.970+00:00,6,7.08,0
2026-04-18T10:40:44.970+00:00,7,1.5,1
2026-04-18T10:40:44.970+00:00,8,2.23,0
2026-04-18T10:40:46.975+00:00,1,2.35,0
2026-04-18T10:40:46.975+00:00,2,2.5,0
2026-04-18T10:40:46.975+00:00,3,2.74,0
2026-04-18T10:40:46.975+00:00,4,6.86,0
2026-04-18T10:40:46.975+00:00,5,1.62,0
2026-04-18T10:40:46.975+00:00,6,7.0,0
2026-04-18T10:40:46.975+00:00,7,7.5,1
2026-04-18T10:40:46.975+00:00,8,2.26,0
2026-04-18T10:40:48.978+00:00,1,2.29,0
2026-04-18T10:40:48.978+00:00,2,2.44,0
2026-04-18T10:40:48.978+00:00,3,2.74,0
2026-04-18T10:40:48.978+00:00,4,6.94,0
2026-04-18T10:40:48.978+00:00,5,1.55,0
2026-04-18T10:40:48.978+00:00,6,7.11,0
2026-04-18T10:40:48.978+00:00,7,1.5,1
2026-04-18T10:40:48.978+00:00,8,2.23,0
2026-04-18T10:40:50.981+00:00,1,2.28,0
2026-04-18T10:40:50.981+00:00,2,2.52,0
2026-04-18T10:40:50.981+00:00,3,2.74,0
2026-04-18T10:40:50.981+00:00,4,6.93,0
2026-04-18T10:40:50.981+00:00,5,1.61,0
2026-04-18T10:40:50.981+00:00,6,6.86,0
2026-04-18T10:40:50.981+00:00,7,7.5,1
2026-04-18T10:40:50.981+00:00,8,2.27,0
2026-04-18T10:40:52.983+00:00,1,2.27,0
2026-04-18T10:40:52.983+00:00,2,2.55,0
2026-04-18T10:40:52.983+00:00,3,2.74,0
2026-04-18T10:40:52.983+00:00,4,6.79,0
2026-04-18T10:40:52.983+00:00,5,1.6,0
2026-04-18T10:40:52.983+00:00,6,7.09,0
2026-04-18T10:40:52.983+00:00,7,1.5,1
2026-04-18T10:40:52.983+00:00,8,2.16,0
2026-04-18T10:40:54.985+00:00,1,2.44,0
2026-04-18T10:40:54.985+00:00,2,2.6,0
2026-04-18T10:40:54.985+00:00,3,2.74,0
2026-04-18T10:40:54.985+00:00,4,6.82,0
2026-04-18T10:40:54.985+00:00,5,1.62,0
2026-04-18T10:40:54.985+00:00,6,7.04,0
2026-04-18T10:40:54.985+00:00,7,5.99,0
2026-04-18T10:40:54.985+00:00,8,2.33,0
2026-04-18T10:40:56.987+00:00,1,2.41,0
2026-04-18T10:40:56.987+00:00,2,1.5,1
2026-04-18T10:40:56.987+00:00,3,2.74,0
2026-04-18T10:40:56.987+00:00,4,6.8,0
2026-04-18T10:40:56.987+00:00,5,1.65,0
2026-04-18T10:40:56.987+00:00,6,7.02,0
2026-04-18T10:40:56.987+00:00,7,5.94,0
2026-04-18T10:40:56.987+00:00,8,2.32,0
2026-04-18T10:40:58.989+00:00,1,2.32,0
2026-04-18T10:40:58.989+00:00,2,7.5,1
2026-04-18T10:40:58.989+00:00,3,2.74,0
2026-04-18T10:40:58.989+00:00,4,6.83,0
2026-04-18T10:40:58.989+00:00,5,1.5,0
2026-04-18T10:40:58.989+00:00,6,7.15,0
2026-04-18T10:40:58.989+00:00,7,6.08,0
2026-04-18T10:40:58.989+00:00,8,2.21,0
2026-04-18T10:41:00.993+00:00,1,2.38,0
2026-04-18T10:41:00.993+00:00,2,1.5,1
2026-04-18T10:41:00.993+00:00,3,2.74,0
2026-04-18T10:41:00.993+00:00,4,6.96,0
2026-04-18T10:41:00.993+00:00,5,1.64,0
2026-04-18T10:41:00.993+00:00,6,6.89,0
2026-04-18T10:41:00.993+00:00,7,5.95,0
2026-04-18T10:41:00.993+00:00,8,2.32,0
2026-04-18T10:41:02.995+00:00,1,2.29,0
2026-04-18T10:41:02.995+00:00,2,7.5,1
2026-04-18T10:41:02.995+00:00,3,2.74,0
2026-04-18T10:41:02.995+00:00,4,6.87,0
2026-04-18T10:41:02.995+00:00,5,1.59,0
2026-04-18T10:41:02.995+00:00,6,6.9,0
2026-04-18T10:41:02.995+00:00,7,6.02,0
2026-04-18T10:41:02.995+00:00,8,2.28,0
2026-04-18T10:41:04.998+00:00,1,2.32,0
2026-04-18T10:41:04.998+00:00,2,1.5,1
2026-04-18T10:41:04.998+00:00,3,2.74,0
2026-04-18T10:41:04.998+00:00,4,6.82,0
2026-04-18T10:41:04.998+00:00,5,1.47,0
2026-04-18T10:41:04.998+00:00,6,6.93,0
2026-04-18T10:41:04.998+00:00,7,5.9,0
2026-04-18T10:41:04.998+00:00,8,2.31,0
2026-04-18T10:41:07.001+00:00,1,2.33,0
2026-04-18T10:41:07.001+00:00,2,7.5,1
2026-04-18T10:41:07.001+00:00,3,2.74,0
2026-04-18T10:41:07.001+00:00,4,6.94,0
2026-04-18T10:41:07.001+00:00,5,1.47,0
2026-04-18T10:41:07.001+00:00,6,7.13,0
2026-04-18T10:41:07.001+00:00,7,6.18,0
2026-04-18T10:41:07.001+00:00,8,2.29,0
2026-04-18T10:41:09.004+00:00,1,2.43,0
2026-04-18T10:41:09.004+00:00,2,1.5,1
2026-04-18T10:41:09.004+00:00,3,2.74,0
2026-04-18T10:41:09.004+00:00,4,6.61,0
2026-04-18T10:41:09.004+00:00,5,1.65,0
2026-04-18T10:41:09.004+00:00,6,6.85,0
2026-04-18T10:41:09.004+00:00,7,6.14,0
2026-04-18T10:41:09.004+00:00,8,2.15,0
2026-04-18T10:41:11.006+00:00,1,2.27,0
2026-04-18T10:41:11.006+00:00,2,7.5,1
2026-04-18T10:41:11.006+00:00,3,2.74,0
2026-04-18T10:41:11.006+00:00,4,6.74,0
2026-04-18T10:41:11.006+00:00,5,1.62,0
2026-04-18T10:41:11.006+00:00,6,7.24,0
2026-04-18T10:41:11.006+00:00,7,5.82,0
2026-04-18T10:41:11.006+00:00,8,2.18,0
2026-04-18T10:41:13.009+00:00,1,2.33,0
2026-04-18T10:41:13.009+00:00,2,1.5,1
2026-04-18T10:41:13.009+00:00,3,2.74,0
2026-04-18T10:41:13.009+00:00,4,6.85,0
2026-04-18T10:41:13.009+00:00,5,1.57,0
2026-04-18T10:41:13.009+00:00,6,7.2,0
2026-04-18T10:41:13.009+00:00,7,6.0,0
2026-04-18T10:41:13.009+00:00,8,2.22,0
2026-04-18T10:41:15.013+00:00,1,2.31,0
2026-04-18T10:41:15.013+00:00,2,6.1,0
2026-04-18T10:41:15.013+00:00,3,2.74,0
2026-04-18T10:41:15.013+00:00,4,6.85,0
2026-04-18T10:41:15.013+00:00,5,1.52,0
2026-04-18T10:41:15.013+00:00,6,7.18,0
2026-04-18T10:41:15.013+00:00,7,6.15,0
2026-04-18T10:41:15.013+00:00,8,2.18,0
2026-04-18T10:41:17.015+00:00,1,2.32,0
2026-04-18T10:41:17.015+00:00,2,6.25,0
2026-04-18T10:41:17.015+00:00,3,2.74,0
2026-04-18T10:41:17.015+00:00,4,6.81,0
2026-04-18T10:41:17.015+00:00,5,1.47,0
2026-04-18T10:41:17.015+00:00,6,7.22,0
2026-04-18T10:41:17.015+00:00,7,6.18,0
2026-04-18T10:41:17.015+00:00,8,2.28,0
2026-04-18T10:41:19.017+00:00,1,2.28,0
2026-04-18T10:41:19.017+00:00,2,6.22,0
2026-04-18T10:41:19.017+00:00,3,2.74,0
2026-04-18T10:41:19.017+00:00,4,6.88,0
2026-04-18T10:41:19.017+00:00,5,1.62,0
2026-04-18T10:41:19.017+00:00,6,6.89,0
2026-04-18T10:41:19.017+00:00,7,6.13,0
2026-04-18T10:41:19.017+00:00,8,2.14,0
2026-04-18T10:41:21.019+00:00,1,2.26,0
2026-04-18T10:41:21.019+00:00,2,6.19,0
2026-04-18T10:41:21.019+00:00,3,2.74,0
2026-04-18T10:41:21.019+00:00,4,6.67,0
2026-04-18T10:41:21.019+00:00,5,1.59,0
2026-04-18T10:41:21.019+00:00,6,6.86,0
2026-04-18T10:41:21.019+00:00,7,6.03,0
2026-04-18T10:41:21.019+00:00,8,2.19,0
2026-04-18T10:41:23.022+00:00,1,2.36,0
2026-04-18T10:41:23.022+00:00,2,6.09,0
2026-04-18T10:41:23.022+00:00,3,2.74,0
2026-04-18T10:41:23.022+00:00,4,6.77,0
2026-04-18T10:41:23.022+00:00,5,1.55,0
2026-04-18T10:41:23.022+00:00,6,6.97,0
2026-04-18T10:41:23.022+00:00,7,5.96,0
2026-04-18T10:41:23.022+00:00,8,2.33,0
2026-04-18T10:41:25.025+00:00,1,2.27,0
2026-04-18T10:41:25.025+00:00,2,6.15,0
2026-04-18T10:41:25.025+00:00,3,2.74,0
2026-04-18T10:41:25.025+00:00,4,6.95,0
2026-04-18T10:41:25.025+00:00,5,1.48,0
2026-04-18T10:41:25.025+00:00,6,7.24,0
2026-04-18T10:41:25.025+00:00,7,6.03,0
2026-04-18T10:41:25.025+00:00,8,2.25,0
2026-04-18T10:41:27.028+00:00,1,2.34,0
2026-04-18T10:41:27.028+00:00,2,6.18,0
2026-04-18T10:41:27.028+00:00,3,2.74,0
2026-04-18T10:41:27.028+00:00,4,6.88,0
2026-04-18T10:41:27.028+00:00,5,1.65,0
2026-04-18T10:41:27.028+00:00,6,6.98,0
2026-04-18T10:41:27.028+00:00,7,5.94,0
2026-04-18T10:41:27.028+00:00,8,2.23,0
2026-04-18T10:41:29.031+00:00,1,2.43,0
2026-04-18T10:41:29.031+00:00,2,6.01,0
2026-04-18T10:41:29.031+00:00,3,2.74,0
2026-04-18T10:41:29.031+00:00,4,6.62,0
2026-04-18T10:41:29.031+00:00,5,1.64,0
2026-04-18T10:41:29.031+00:00,6,0.71,1
2026-04-18T10:41:29.031+00:00,7,5.85,0
2026-04-18T10:41:29.031+00:00,8,2.14,0
2026-04-18T10:41:31.034+00:00,1,2.32,0
2026-04-18T10:41:31.034+00:00,2,6.05,0
2026-04-18T10:41:31.034+00:00,3,2.74,0
2026-04-18T10:41:31.034+00:00,4,6.81,0
2026-04-18T10:41:31.034+00:00,5,1.64,0
2026-04-18T10:41:31.034+00:00,6,0.77,1
2026-04-18T10:41:31.034+00:00,7,6.08,0
2026-04-18T10:41:31.034+00:00,8,2.26,0
2026-04-18T10:41:33.036+00:00,1,2.33,0
2026-04-18T10:41:33.036+00:00,2,6.24,0
2026-04-18T10:41:33.036+00:00,3,2.77,0
2026-04-18T10:41:33.036+00:00,4,6.59,0
2026-04-18T10:41:33.036+00:00,5,1.52,0
2026-04-18T10:41:33.036+00:00,6,10.31,1
2026-04-18T10:41:33.036+00:00,7,5.91,0
2026-04-18T10:41:33.036+00:00,8,2.21,0
2026-04-18T10:41:35.039+00:00,1,2.43,0
2026-04-18T10:41:35.039+00:00,2,6.32,0
2026-04-18T10:41:35.039+00:00,3,2.79,0
2026-04-18T10:41:35.039+00:00,4,6.58,0
2026-04-18T10:41:35.039+00:00,5,0.86,1
2026-04-18T10:41:35.039+00:00,6,12.65,1
2026-04-18T10:41:35.039+00:00,7,5.84,0
2026-04-18T10:41:35.039+00:00,8,2.23,0
2026-04-18T10:41:37.041+00:00,1,2.41,0
2026-04-18T10:41:37.041+00:00,2,6.24,0
2026-04-18T10:41:37.041+00:00,3,2.82,0
2026-04-18T10:41:37.041+00:00,4,6.78,0
2026-04-18T10:41:37.041+00:00,5,11.66,1
2026-04-18T10:41:37.041+00:00,6,14.4,1
2026-04-18T10:41:37.041+00:00,7,6.05,0
2026-04-18T10:41:37.041+00:00,8,2.22,0
2026-04-18T10:41:39.044+00:00,1,2.31,0
2026-04-18T10:41:39.044+00:00,2,5.99,0
2026-04-18T10:41:39.044+00:00,3,2.9,0
2026-04-18T10:41:39.044+00:00,4,6.77,0
2026-04-18T10:41:39.044+00:00,5,0.57,1
2026-04-18T10:41:39.044+00:00,6,0.52,1
2026-04-18T10:41:39.044+00:00,7,6.14,0
2026-04-18T10:41:39.044+00:00,8,2.24,0
2026-04-18T10:41:41.048+00:00,1,2.43,0
2026-04-18T10:41:41.048+00:00,2,6.12,0
2026-04-18T10:41:41.048+00:00,3,2.88,0
2026-04-18T10:41:41.048+00:00,4,6.95,0
2026-04-18T10:41:41.048+00:00,5,13.05,1
2026-04-18T10:41:41.048+00:00,6,0.33,1
2026-04-18T10:41:41.048+00:00,7,6.14,0
2026-04-18T10:41:41.048+00:00,8,2.29,0
2026-04-18T10:41:43.052+00:00,1,2.26,0
2026-04-18T10:41:43.052+00:00,2,6.09,0
2026-04-18T10:41:43.052+00:00,3,2.83,0
2026-04-18T10:41:43.052+00:00,4,6.78,0
2026-04-18T10:41:43.052+00:00,5,14.76,1
2026-04-18T10:41:43.052+00:00,6,10.54,1
2026-04-18T10:41:43.052+00:00,7,6.11,0
2026-04-18T10:41:43.052+00:00,8,2.15,0
2026-04-18T10:41:45.056+00:00,1,2.3,0
2026-04-18T10:41:45.056+00:00,2,6.08,0
2026-04-18T10:41:45.056+00:00,3,2.8,0
2026-04-18T10:41:45.056+00:00,4,6.58,0
2026-04-18T10:41:45.056+00:00,5,0.28,1
2026-04-18T10:41:45.056+00:00,6,0.7,1
2026-04-18T10:41:45.056+00:00,7,5.85,0
2026-04-18T10:41:45.056+00:00,8,2.16,0
2026-04-18T10:41:47.059+00:00,1,2.37,0
2026-04-18T10:41:47.059+00:00,2,6.19,0
2026-04-18T10:41:47.059+00:00,3,2.87,0
2026-04-18T10:41:47.059+00:00,4,6.74,0
2026-04-18T10:41:47.059+00:00,5,0.44,1
2026-04-18T10:41:47.059+00:00,6,12.85,1
2026-04-18T10:41:47.059+00:00,7,6.08,0
2026-04-18T10:41:47.059+00:00,8,2.14,0
2026-04-18T10:41:49.063+00:00,1,2.37,0
2026-04-18T10:41:49.063+00:00,2,6.1,0
2026-04-18T10:41:49.063+00:00,3,2.81,0
2026-04-18T10:41:49.063+00:00,4,6.96,0
2026-04-18T10:41:49.063+00:00,5,0.77,1
2026-04-18T10:41:49.063+00:00,6,12.88,1
2026-04-18T10:41:49.063+00:00,7,5.92,0
2026-04-18T10:41:49.063+00:00,8,2.15,0
2026-04-18T10:41:51.065+00:00,1,2.41,0
2026-04-18T10:41:51.065+00:00,2,6.33,0
2026-04-18T10:41:51.065+00:00,3,2.89,0
2026-04-18T10:41:51.065+00:00,4,6.87,0
2026-04-18T10:41:51.065+00:00,5,10.7,1
2026-04-18T10:41:51.065+00:00,6,7.68,0
2026-04-18T10:41:51.065+00:00,7,6.12,0
2026-04-18T10:41:51.065+00:00,8,2.31,0
2026-04-18T10:41:53.068+00:00,1,2.39,0
2026-04-18T10:41:53.068+00:00,2,6.31,0
2026-04-18T10:41:53.068+00:00,3,2.78,0
2026-04-18T10:41:53.068+00:00,4,6.89,0
2026-04-18T10:41:53.068+00:00,5,2.87,0
2026-04-18T10:41:53.068+00:00,6,7.62,0
2026-04-18T10:41:53.068+00:00,7,1.5,1
2026-04-18T10:41:53.068+00:00,8,2.15,0
2026-04-18T10:41:55.071+00:00,1,2.34,0
2026-04-18T10:41:55.071+00:00,2,6.2,0
2026-04-18T10:41:55.071+00:00,3,2.75,0
2026-04-18T10:41:55.071+00:00,4,6.9,0
2026-04-18T10:41:55.071+00:00,5,2.81,0
2026-04-18T10:41:55.071+00:00,6,7.57,0
2026-04-18T10:41:55.071+00:00,7,7.5,1
2026-04-18T10:41:55.071+00:00,8,2.19,0
2026-04-18T10:41:57.074+00:00,1,2.37,0
2026-04-18T10:41:57.074+00:00,2,6.22,0
2026-04-18T10:41:57.074+00:00,3,2.75,0
2026-04-18T10:41:57.074+00:00,4,6.61,0
2026-04-18T10:41:57.074+00:00,5,2.71,0
2026-04-18T10:41:57.074+00:00,6,7.5,0
2026-04-18T10:41:57.074+00:00,7,1.5,1
2026-04-18T10:41:57.074+00:00,8,2.29,0
2026-04-18T10:41:59.077+00:00,1,2.35,0
2026-04-18T10:41:59.077+00:00,2,6.19,0
2026-04-18T10:41:59.077+00:00,3,2.94,0
2026-04-18T10:41:59.077+00:00,4,6.91,0
2026-04-18T10:41:59.077+00:00,5,2.83,0
2026-04-18T10:41:59.077+00:00,6,1.5,1
2026-04-18T10:41:59.077+00:00,7,7.5,1
2026-04-18T10:41:59.077+00:00,8,2.18,0
2026-04-18T10:42:01.080+00:00,1,2.45,0
2026-04-18T10:42:01.080+00:00,2,6.16,0
2026-04-18T10:42:01.080+00:00,3,2.93,0
2026-04-18T10:42:01.080+00:00,4,6.58,0
2026-04-18T10:42:01.080+00:00,5,2.83,0
2026-04-18T10:42:01.080+00:00,6,7.5,1
2026-04-18T10:42:01.080+00:00,7,1.5,1
2026-04-18T10:42:01.080+00:00,8,2.27,0
2026-04-18T10:42:03.084+00:00,1,2.32,0
2026-04-18T10:42:03.084+00:00,2,6.01,0
2026-04-18T10:42:03.084+00:00,3,2.78,0
2026-04-18T10:42:03.084+00:00,4,6.19,0
2026-04-18T10:42:03.084+00:00,5,2.87,0
2026-04-18T10:42:03.084+00:00,6,1.5,1
2026-04-18T10:42:03.084+00:00,7,7.5,1
2026-04-18T10:42:03.084+00:00,8,2.31,0
2026-04-18T10:42:05.089+00:00,1,2.25,0
2026-04-18T10:42:05.089+00:00,2,6.29,0
2026-04-18T10:42:05.089+00:00,3,2.85,0
2026-04-18T10:42:05.089+00:00,4,5.57,0
2026-04-18T10:42:05.089+00:00,5,2.87,0
2026-04-18T10:42:05.089+00:00,6,7.5,1
2026-04-18T10:42:05.089+00:00,7,1.5,1
2026-04-18T10:42:05.089+00:00,8,2.16,0
2026-04-18T10:42:07.097+00:00,1,2.27,0
2026-04-18T10:42:07.097+00:00,2,5.43,0
2026-04-18T10:42:07.097+00:00,3,2.75,0
2026-04-18T10:42:07.097+00:00,4,4.91,0
2026-04-18T10:42:07.097+00:00,5,2.83,0
2026-04-18T10:42:07.097+00:00,6,1.5,1
2026-04-18T10:42:07.097+00:00,7,7.5,1
2026-04-18T10:42:07.097+00:00,8,2.28,0
2026-04-18T10:42:09.100+00:00,1,2.45,0
2026-04-18T10:42:09.100+00:00,2,4.74,0
2026-04-18T10:42:09.100+00:00,3,2.87,0
2026-04-18T10:42:09.100+00:00,4,4.05,0
2026-04-18T10:42:09.100+00:00,5,2.73,0
2026-04-18T10:42:09.100+00:00,6,7.5,1
2026-04-18T10:42:09.100+00:00,7,1.5,1
2026-04-18T10:42:09.100+00:00,8,2.3,0
2026-04-18T10:42:11.104+00:00,1,2.3,0
2026-04-18T10:42:11.104+00:00,2,4.06,0
2026-04-18T10:42:11.104+00:00,3,2.76,0
2026-04-18T10:42:11.104+00:00,4,3.11,0
2026-04-18T10:42:11.104+00:00,5,2.88,0
2026-04-18T10:42:11.104+00:00,6,1.5,1
2026-04-18T10:42:11.104+00:00,7,7.5,1
2026-04-18T10:42:11.104+00:00,8,2.27,0
2026-04-18T10:42:13.107+00:00,1,2.37,0
2026-04-18T10:42:13.107+00:00,2,3.26,0
2026-04-18T10:42:13.107+00:00,3,2.92,0
2026-04-18T10:42:13.107+00:00,4,2.59,0
2026-04-18T10:42:13.107+00:00,5,2.89,0
2026-04-18T10:42:13.107+00:00,6,2.79,0
2026-04-18T10:42:13.107+00:00,7,6.8,0
2026-04-18T10:42:13.107+00:00,8,2.17,0
2026-04-18T10:42:15.111+00:00,1,2.28,0
2026-04-18T10:42:15.111+00:00,2,2.72,0
2026-04-18T10:42:15.111+00:00,3,2.91,0
2026-04-18T10:42:15.111+00:00,4,2.58,0
2026-04-18T10:42:15.111+00:00,5,2.74,0
2026-04-18T10:42:15.111+00:00,6,2.84,0
2026-04-18T10:42:15.111+00:00,7,6.98,0
2026-04-18T10:42:15.111+00:00,8,0.48,1
2026-04-18T10:42:17.114+00:00,1,2.3,0
2026-04-18T10:42:17.114+00:00,2,2.81,0
2026-04-18T10:42:17.114+00:00,3,2.93,0
2026-04-18T10:42:17.114+00:00,4,2.57,0
2026-04-18T10:42:17.114+00:00,5,2.89,0
2026-04-18T10:42:17.114+00:00,6,2.77,0
2026-04-18T10:42:17.114+00:00,7,6.94,0
2026-04-18T10:42:17.114+00:00,8,10.78,1
2026-04-18T10:42:19.117+00:00,1,2.28,0
2026-04-18T10:42:19.117+00:00,2,2.78,0
2026-04-18T10:42:19.117+00:00,3,2.94,0
2026-04-18T10:42:19.117+00:00,4,2.63,0
2026-04-18T10:42:19.117+00:00,5,2.89,0
2026-04-18T10:42:19.117+00:00,6,2.7,0
2026-04-18T10:42:19.117+00:00,7,6.84,0
2026-04-18T10:42:19.117+00:00,8,0.62,1
2026-04-18T10:42:21.120+00:00,1,2.37,0
2026-04-18T10:42:21.120+00:00,2,2.78,0
2026-04-18T10:42:21.120+00:00,3,2.86,0
2026-04-18T10:42:21.120+00:00,4,2.53,0
2026-04-18T10:42:21.120+00:00,5,2.89,0
2026-04-18T10:42:21.120+00:00,6,2.84,0
2026-04-18T10:42:21.120+00:00,7,6.97,0
2026-04-18T10:42:21.120+00:00,8,0.47,1
2026-04-18T10:42:23.123+00:00,1,2.3,0
2026-04-18T10:42:23.123+00:00,2,2.77,0
2026-04-18T10:42:23.123+00:00,3,2.79,0
2026-04-18T10:42:23.123+00:00,4,2.58,0
2026-04-18T10:42:23.123+00:00,5,2.89,0
2026-04-18T10:42:23.123+00:00,6,2.72,0
2026-04-18T10:42:23.123+00:00,7,6.7,0
2026-04-18T10:42:23.123+00:00,8,0.32,1
2026-04-18T10:42:25.128+00:00,1,2.35,0
2026-04-18T10:42:25.128+00:00,2,2.69,0
2026-04-18T10:42:25.128+00:00,3,2.95,0
2026-04-18T10:42:25.128+00:00,4,2.51,0
2026-04-18T10:42:25.128+00:00,5,2.89,0
2026-04-18T10:42:25.128+00:00,6,2.74,0
2026-04-18T10:42:25.128+00:00,7,6.9,0
2026-04-18T10:42:25.128+00:00,8,12.22,1
2026-04-18T10:42:27.137+00:00,1,2.41,0
2026-04-18T10:42:27.137+00:00,2,2.69,0
2026-04-18T10:42:27.137+00:00,3,2.94,0
2026-04-18T10:42:27.137+00:00,4,2.65,0
2026-04-18T10:42:27.137+00:00,5,2.89,0
2026-04-18T10:42:27.137+00:00,6,2.78,0
2026-04-18T10:42:27.137+00:00,7,6.9,0
2026-04-18T10:42:27.137+00:00,8,0.58,1
2026-04-18T10:42:29.141+00:00,1,2.31,0
2026-04-18T10:42:29.141+00:00,2,2.71,0
2026-04-18T10:42:29.141+00:00,3,2.82,0
2026-04-18T10:42:29.141+00:00,4,2.6,0
2026-04-18T10:42:29.141+00:00,5,2.89,0
2026-04-18T10:42:29.141+00:00,6,2.84,0
2026-04-18T10:42:29.141+00:00,7,6.8,0
2026-04-18T10:42:29.141+00:00,8,13.19,1
2026-04-18T10:42:31.146+00:00,1,2.4,0
2026-04-18T10:42:31.146+00:00,2,2.63,0
2026-04-18T10:42:31.146+00:00,3,2.87,0
2026-04-18T10:42:31.146+00:00,4,2.69,0
2026-04-18T10:42:31.146+00:00,5,2.89,0
2026-04-18T10:42:31.146+00:00,6,2.73,0
2026-04-18T10:42:31.146+00:00,7,6.69,0
2026-04-18T10:42:31.146+00:00,8,0.89,1
2026-04-18T10:42:33.153+00:00,1,2.36,0
2026-04-18T10:42:33.153+00:00,2,2.74,0
2026-04-18T10:42:33.153+00:00,3,2.88,0
2026-04-18T10:42:33.153+00:00,4,2.68,0
2026-04-18T10:42:33.153+00:00,5,2.89,0
2026-04-18T10:42:33.153+00:00,6,2.79,0
2026-04-18T10:42:33.153+00:00,7,6.99,0
2026-04-18T10:42:33.153+00:00,8,0.53,1
2026-04-18T10:42:35.159+00:00,1,2.33,0
2026-04-18T10:42:35.159+00:00,2,2.75,0
2026-04-18T10:42:35.159+00:00,3,2.87,0
2026-04-18T10:42:35.159+00:00,4,2.61,0
2026-04-18T10:42:35.159+00:00,5,2.89,0
2026-04-18T10:42:35.159+00:00,6,2.72,0
2026-04-18T10:42:35.159+00:00,7,6.42,0
2026-04-18T10:42:35.159+00:00,8,0.51,1
2026-04-18T10:42:37.161+00:00,1,2.28,0
2026-04-18T10:42:37.161+00:00,2,2.71,0
2026-04-18T10:42:37.161+00:00,3,2.84,0
2026-04-18T10:42:37.161+00:00,4,2.68,0
2026-04-18T10:42:37.161+00:00,5,2.89,0
2026-04-18T10:42:37.161+00:00,6,2.84,0
2026-04-18T10:42:37.161+00:00,7,6.42,0
2026-04-18T10:42:37.161+00:00,8,6.99,0
2026-04-18T10:42:39.164+00:00,1,2.3,0
2026-04-18T10:42:39.164+00:00,2,2.76,0
2026-04-18T10:42:39.164+00:00,3,2.86,0
2026-04-18T10:42:39.164+00:00,4,2.5,0
2026-04-18T10:42:39.164+00:00,5,2.89,0
2026-04-18T10:42:39.164+00:00,6,2.79,0
2026-04-18T10:42:39.164+00:00,7,6.42,0
2026-04-18T10:42:39.164+00:00,8,7.06,0
2026-04-18T10:42:41.168+00:00,1,2.43,0
2026-04-18T10:42:41.168+00:00,2,2.67,0
2026-04-18T10:42:41.168+00:00,3,2.76,0
2026-04-18T10:42:41.168+00:00,4,2.54,0
2026-04-18T10:42:41.168+00:00,5,2.89,0
2026-04-18T10:42:41.168+00:00,6,2.82,0
2026-04-18T10:42:41.168+00:00,7,6.42,0
2026-04-18T10:42:41.168+00:00,8,6.84,0
2026-04-18T10:42:43.171+00:00,1,2.36,0
2026-04-18T10:42:43.171+00:00,2,2.68,0
2026-04-18T10:42:43.171+00:00,3,2.78,0
2026-04-18T10:42:43.171+00:00,4,2.57,0
2026-04-18T10:42:43.171+00:00,5,2.89,0
2026-04-18T10:42:43.171+00:00,6,2.84,0
2026-04-18T10:42:43.171+00:00,7,6.42,0
2026-04-18T10:42:43.171+00:00,8,6.97,0
2026-04-18T10:42:45.174+00:00,1,2.33,0
2026-04-18T10:42:45.174+00:00,2,2.79,0
2026-04-18T10:42:45.174+00:00,3,2.93,0
2026-04-18T10:42:45.174+00:00,4,2.53,0
2026-04-18T10:42:45.174+00:00,5,2.89,0
2026-04-18T10:42:45.174+00:00,6,2.8,0
2026-04-18T10:42:45.174+00:00,7,6.42,0
2026-04-18T10:42:45.174+00:00,8,7.06,0
2026-04-18T10:42:47.176+00:00,1,2.44,0
2026-04-18T10:42:47.176+00:00,2,2.73,0
2026-04-18T10:42:47.176+00:00,3,2.86,0
2026-04-18T10:42:47.176+00:00,4,2.6,0
2026-04-18T10:42:47.176+00:00,5,2.89,0
2026-04-18T10:42:47.176+00:00,6,2.84,0
2026-04-18T10:42:47.176+00:00,7,6.42,0
2026-04-18T10:42:47.176+00:00,8,6.83,0
2026-04-18T10:42:49.178+00:00,1,2.35,0
2026-04-18T10:42:49.178+00:00,2,2.77,0
2026-04-18T10:42:49.178+00:00,3,2.86,0
2026-04-18T10:42:49.178+00:00,4,2.65,0
2026-04-18T10:42:49.178+00:00,5,2.89,0
2026-04-18T10:42:49.178+00:00,6,2.82,0
2026-04-18T10:42:49.178+00:00,7,6.42,0
2026-04-18T10:42:49.178+00:00,8,1.5,1
2026-04-18T10:42:51.182+00:00,1,2.4,0
2026-04-18T10:42:51.182+00:00,2,2.67,0
2026-04-18T10:42:51.182+00:00,3,2.85,0
2026-04-18T10:42:51.182+00:00,4,2.62,0
2026-04-18T10:42:51.182+00:00,5,2.89,0
2026-04-18T10:42:51.182+00:00,6,2.72,0
2026-04-18T10:42:51.182+00:00,7,6.42,0
2026-04-18T10:42:51.182+00:00,8,7.5,1
2026-04-18T10:42:53.186+00:00,1,2.4,0
2026-04-18T10:42:53.186+00:00,2,2.81,0
2026-04-18T10:42:53.186+00:00,3,2.89,0
2026-04-18T10:42:53.186+00:00,4,2.51,0
2026-04-18T10:42:53.186+00:00,5,2.89,0
2026-04-18T10:42:53.186+00:00,6,2.89,0
2026-04-18T10:42:53.186+00:00,7,6.42,0
2026-04-18T10:42:53.186+00:00,8,1.5,1
2026-04-18T10:42:55.189+00:00,1,2.38,0
2026-04-18T10:42:55.189+00:00,2,2.75,0
2026-04-18T10:42:55.189+00:00,3,2.9,0
2026-04-18T10:42:55.189+00:00,4,2.58,0
2026-04-18T10:42:55.189+00:00,5,2.89,0
2026-04-18T10:42:55.189+00:00,6,2.79,0
2026-04-18T10:42:55.189+00:00,7,6.42,0
2026-04-18T10:42:55.189+00:00,8,7.5,1
2026-04-18T10:42:57.192+00:00,1,2.44,0
2026-04-18T10:42:57.192+00:00,2,2.78,0
2026-04-18T10:42:57.192+00:00,3,2.89,0
2026-04-18T10:42:57.192+00:00,4,2.49,0
2026-04-18T10:42:57.192+00:00,5,2.89,0
2026-04-18T10:42:57.192+00:00,6,2.79,0
2026-04-18T10:42:57.192+00:00,7,6.42,0
2026-04-18T10:42:57.192+00:00,8,1.5,1
2026-04-18T10:42:59.195+00:00,1,2.44,0
2026-04-18T10:42:59.195+00:00,2,2.81,0
2026-04-18T10:42:59.195+00:00,3,2.81,0
2026-04-18T10:42:59.195+00:00,4,2.5,0
2026-04-18T10:42:59.195+00:00,5,2.89,0
2026-04-18T10:42:59.195+00:00,6,2.88,0
2026-04-18T10:42:59.195+00:00,7,6.42,0
2026-04-18T10:42:59.195+00:00,8,7.5,1
2026-04-18T10:43:01.199+00:00,1,2.34,0
2026-04-18T10:43:01.199+00:00,2,2.67,0
2026-04-18T10:43:01.199+00:00,3,2.89,0
2026-04-18T10:43:01.199+00:00,4,2.65,0
2026-04-18T10:43:01.199+00:00,5,2.89,0
2026-04-18T10:43:01.199+00:00,6,2.79,0
2026-04-18T10:43:01.199+00:00,7,6.42,0
2026-04-18T10:43:01.199+00:00,8,1.5,1
2026-04-18T10:43:03.203+00:00,1,2.28,0
2026-04-18T10:43:03.203+00:00,2,2.7,0
2026-04-18T10:43:03.203+00:00,3,2.92,0
2026-04-18T10:43:03.203+00:00,4,2.49,0
2026-04-18T10:43:03.203+00:00,5,2.89,0
2026-04-18T10:43:03.203+00:00,6,2.81,0
2026-04-18T10:43:03.203+00:00,7,6.42,0
2026-04-18T10:43:03.203+00:00,8,7.5,1
2026-04-18T10:43:05.209+00:00,1,2.43,0
2026-04-18T10:43:05.209+00:00,2,2.63,0
2026-04-18T10:43:05.209+00:00,3,2.81,0
2026-04-18T10:43:05.209+00:00,4,2.69,0
2026-04-18T10:43:05.209+00:00,5,2.89,0
2026-04-18T10:43:05.209+00:00,6,2.85,0
2026-04-18T10:43:05.209+00:00,7,6.42,0
2026-04-18T10:43:05.209+00:00,8,7.87,0
2026-04-18T10:43:07.211+00:00,1,2.29,0
2026-04-18T10:43:07.211+00:00,2,2.73,0
2026-04-18T10:43:07.211+00:00,3,2.9,0
2026-04-18T10:43:07.211+00:00,4,2.67,0
2026-04-18T10:43:07.211+00:00,5,2.89,0
2026-04-18T10:43:07.211+00:00,6,2.87,0
2026-04-18T10:43:07.211+00:00,7,6.42,0
2026-04-18T10:43:07.211+00:00,8,8.13,0
2026-04-18T10:43:09.214+00:00,1,2.45,0
2026-04-18T10:43:09.214+00:00,2,2.69,0
2026-04-18T10:43:09.214+00:00,3,2.94,0
2026-04-18T10:43:09.214+00:00,4,2.58,0
2026-04-18T10:43:09.214+00:00,5,6.16,0
2026-04-18T10:43:09.214+00:00,6,2.72,0
2026-04-18T10:43:09.214+00:00,7,6.42,0
2026-04-18T10:43:09.214+00:00,8,8.04,0
2026-04-18T10:43:11.217+00:00,1,2.45,0
2026-04-18T10:43:11.217+00:00,2,2.78,0
2026-04-18T10:43:11.217+00:00,3,2.85,0
2026-04-18T10:43:11.217+00:00,4,1.5,1
2026-04-18T10:43:11.217+00:00,5,6.02,0
2026-04-18T10:43:11.217+00:00,6,2.84,0
2026-04-18T10:43:11.217+00:00,7,6.42,0
2026-04-18T10:43:11.217+00:00,8,8.1,0
2026-04-18T10:43:13.221+00:00,1,2.3,0
2026-04-18T10:43:13.221+00:00,2,2.71,0
2026-04-18T10:43:13.221+00:00,3,2.91,0
2026-04-18T10:43:13.221+00:00,4,7.5,1
2026-04-18T10:43:13.221+00:00,5,6.24,0
2026-04-18T10:43:13.221+00:00,6,2.88,0
2026-04-18T10:43:13.221+00:00,7,6.42,0
2026-04-18T10:43:13.221+00:00,8,0.6,1
2026-04-18T10:43:15.225+00:00,1,7.13,0
2026-04-18T10:43:15.225+00:00,2,2.63,0
2026-04-18T10:43:15.225+00:00,3,2.89,0
2026-04-18T10:43:15.225+00:00,4,1.5,1
2026-04-18T10:43:15.225+00:00,5,6.04,0
2026-04-18T10:43:15.225+00:00,6,2.81,0
2026-04-18T10:43:15.225+00:00,7,6.42,0
2026-04-18T10:43:15.225+00:00,8,10.1,1
2026-04-18T10:43:17.228+00:00,1,7.09,0
2026-04-18T10:43:17.228+00:00,2,2.77,0
2026-04-18T10:43:17.228+00:00,3,2.79,0
2026-04-18T10:43:17.228+00:00,4,7.5,1
2026-04-18T10:43:17.228+00:00,5,5.89,0
2026-04-18T10:43:17.228+00:00,6,2.85,0
2026-04-18T10:43:17.228+00:00,7,6.42,0
2026-04-18T10:43:17.228+00:00,8,12.36,1
2026-04-18T10:43:19.232+00:00,1,7.01,0
2026-04-18T10:43:19.232+00:00,2,2.81,0
2026-04-18T10:43:19.232+00:00,3,2.91,0
2026-04-18T10:43:19.232+00:00,4,1.5,1
2026-04-18T10:43:19.232+00:00,5,5.95,0
2026-04-18T10:43:19.232+00:00,6,2.81,0
2026-04-18T10:43:19.232+00:00,7,6.42,0
2026-04-18T10:43:19.232+00:00,8,0.8,1
2026-04-18T10:43:21.237+00:00,1,7.14,0
2026-04-18T10:43:21.237+00:00,2,2.69,0
2026-04-18T10:43:21.237+00:00,3,2.91,0
2026-04-18T10:43:21.237+00:00,4,7.5,1
2026-04-18T10:43:21.237+00:00,5,6.0,0
2026-04-18T10:43:21.237+00:00,6,2.73,0
2026-04-18T10:43:21.237+00:00,7,6.42,0
2026-04-18T10:43:21.237+00:00,8,10.69,1
2026-04-18T10:43:23.241+00:00,1,7.23,0
2026-04-18T10:43:23.241+00:00,2,2.78,0
2026-04-18T10:43:23.241+00:00,3,2.92,0
2026-04-18T10:43:23.241+00:00,4,1.5,1
2026-04-18T10:43:23.241+00:00,5,6.06,0
2026-04-18T10:43:23.241+00:00,6,2.75,0
2026-04-18T10:43:23.241+00:00,7,6.42,0
2026-04-18T10:43:23.241+00:00,8,0.18,1
2026-04-18T10:43:25.246+00:00,1,7.06,0
2026-04-18T10:43:25.246+00:00,2,2.66,0
2026-04-18T10:43:25.246+00:00,3,2.81,0
2026-04-18T10:43:25.246+00:00,4,7.5,1
2026-04-18T10:43:25.246+00:00,5,1.5,1
2026-04-18T10:43:25.246+00:00,6,2.85,0
2026-04-18T10:43:25.246+00:00,7,6.42,0
2026-04-18T10:43:25.246+00:00,8,0.48,1
2026-04-18T10:43:27.257+00:00,1,7.1,0
2026-04-18T10:43:27.257+00:00,2,2.67,0
2026-04-18T10:43:27.257+00:00,3,2.94,0
2026-04-18T10:43:27.257+00:00,4,1.5,1
2026-04-18T10:43:27.257+00:00,5,7.5,1
2026-04-18T10:43:27.257+00:00,6,2.76,0
2026-04-18T10:43:27.257+00:00,7,12.67,1
2026-04-18T10:43:27.257+00:00,8,11.24,1
2026-04-18T10:43:29.263+00:00,1,7.23,0
2026-04-18T10:43:29.263+00:00,2,2.81,0
2026-04-18T10:43:29.263+00:00,3,2.77,0
2026-04-18T10:43:29.263+00:00,4,7.5,1
2026-04-18T10:43:29.263+00:00,5,1.5,1
2026-04-18T10:43:29.263+00:00,6,2.72,0
2026-04-18T10:43:29.263+00:00,7,13.04,1
2026-04-18T10:43:29.263+00:00,8,0.78,1
2026-04-18T10:43:31.267+00:00,1,6.95,0
2026-04-18T10:43:31.267+00:00,2,2.75,0
2026-04-18T10:43:31.267+00:00,3,2.92,0
2026-04-18T10:43:31.267+00:00,4,1.5,1
2026-04-18T10:43:31.267+00:00,5,7.5,1
2026-04-18T10:43:31.267+00:00,6,2.87,0
2026-04-18T10:43:31.267+00:00,7,14.2,1
2026-04-18T10:43:31.267+00:00,8,14.36,1
2026-04-18T10:43:33.274+00:00,1,7.07,0
2026-04-18T10:43:33.274+00:00,2,2.67,0
2026-04-18T10:43:33.274+00:00,3,6.36,0
2026-04-18T10:43:33.274+00:00,4,7.5,1
2026-04-18T10:43:33.274+00:00,5,1.5,1
2026-04-18T10:43:33.274+00:00,6,2.83,0
2026-04-18T10:43:33.274+00:00,7,0.83,1
2026-04-18T10:43:33.274+00:00,8,10.22,1
2026-04-18T10:43:35.279+00:00,1,7.11,0
2026-04-18T10:43:35.279+00:00,2,2.67,0
2026-04-18T10:43:35.279+00:00,3,6.13,0
2026-04-18T10:43:35.279+00:00,4,6.81,0
2026-04-18T10:43:35.279+00:00,5,7.5,1
2026-04-18T10:43:35.279+00:00,6,2.73,0
2026-04-18T10:43:35.279+00:00,7,11.74,1
2026-04-18T10:43:35.279+00:00,8,6.7,0
2026-04-18T10:43:37.288+00:00,1,7.09,0
2026-04-18T10:43:37.288+00:00,2,2.7,0
2026-04-18T10:43:37.288+00:00,3,6.19,0
2026-04-18T10:43:37.288+00:00,4,6.85,0
2026-04-18T10:43:37.288+00:00,5,1.5,1
2026-04-18T10:43:37.288+00:00,6,2.81,0
2026-04-18T10:43:37.288+00:00,7,10.47,1
2026-04-18T10:43:37.288+00:00,8,6.62,0
2026-04-18T10:43:39.294+00:00,1,6.99,0
2026-04-18T10:43:39.294+00:00,2,2.81,0
2026-04-18T10:43:39.294+00:00,3,6.18,0
2026-04-18T10:43:39.294+00:00,4,6.55,0
2026-04-18T10:43:39.294+00:00,5,7.5,1
2026-04-18T10:43:39.294+00:00,6,2.86,0
2026-04-18T10:43:39.294+00:00,7,0.59,1
2026-04-18T10:43:39.294+00:00,8,6.6,0
2026-04-18T10:43:41.301+00:00,1,7.2,0
2026-04-18T10:43:41.301+00:00,2,2.76,0
2026-04-18T10:43:41.301+00:00,3,6.11,0
2026-04-18T10:43:41.301+00:00,4,6.86,0
2026-04-18T10:43:41.301+00:00,5,1.5,1
2026-04-18T10:43:41.301+00:00,6,6.68,0
2026-04-18T10:43:41.301+00:00,7,10.61,1
2026-04-18T10:43:41.301+00:00,8,6.52,0
2026-04-18T10:43:43.306+00:00,1,7.02,0
2026-04-18T10:43:43.306+00:00,2,2.81,0
2026-04-18T10:43:43.306+00:00,3,6.36,0
2026-04-18T10:43:43.306+00:00,4,6.55,0
2026-04-18T10:43:43.306+00:00,5,6.28,0
2026-04-18T10:43:43.306+00:00,6,6.6,0
2026-04-18T10:43:43.306+00:00,7,11.15,1
2026-04-18T10:43:43.306+00:00,8,6.66,0
2026-04-18T10:43:45.313+00:00,1,7.06,0
2026-04-18T10:43:45.313+00:00,2,6.7,0
2026-04-18T10:43:45.313+00:00,3,6.3,0
2026-04-18T10:43:45.313+00:00,4,6.88,0
2026-04-18T10:43:45.313+00:00,5,6.3,0
2026-04-18T10:43:45.313+00:00,6,6.3,0
2026-04-18T10:43:45.313+00:00,7,11.73,1
2026-04-18T10:43:45.313+00:00,8,6.53,0
2026-04-18T10:43:47.317+00:00,1,6.91,0
2026-04-18T10:43:47.317+00:00,2,6.9,0
2026-04-18T10:43:47.317+00:00,3,6.08,0
2026-04-18T10:43:47.317+00:00,4,6.74,0
2026-04-18T10:43:47.317+00:00,5,6.21,0
2026-04-18T10:43:47.317+00:00,6,6.29,0
2026-04-18T10:43:47.317+00:00,7,1.5,1
2026-04-18T10:43:47.317+00:00,8,6.7,0
2026-04-18T10:43:49.320+00:00,1,6.91,0
2026-04-18T10:43:49.320+00:00,2,6.74,0
2026-04-18T10:43:49.320+00:00,3,6.23,0
2026-04-18T10:43:49.320+00:00,4,6.84,0
2026-04-18T10:43:49.320+00:00,5,6.35,0
2026-04-18T10:43:49.320+00:00,6,6.41,0
2026-04-18T10:43:49.320+00:00,7,7.5,1
2026-04-18T10:43:49.320+00:00,8,6.45,0
2026-04-18T10:43:51.325+00:00,1,6.97,0
2026-04-18T10:43:51.325+00:00,2,6.92,0
2026-04-18T10:43:51.325+00:00,3,6.38,0
2026-04-18T10:43:51.325+00:00,4,6.59,0
2026-04-18T10:43:51.325+00:00,5,6.36,0
2026-04-18T10:43:51.325+00:00,6,6.65,0
2026-04-18T10:43:51.325+00:00,7,1.5,1
2026-04-18T10:43:51.325+00:00,8,6.42,0
2026-04-18T10:43:53.329+00:00,1,7.1,0
2026-04-18T10:43:53.329+00:00,2,6.88,0
2026-04-18T10:43:53.329+00:00,3,6.25,0
2026-04-18T10:43:53.329+00:00,4,6.52,0
2026-04-18T10:43:53.329+00:00,5,6.3,0
2026-04-18T10:43:53.329+00:00,6,6.57,0
2026-04-18T10:43:53.329+00:00,7,7.5,1
2026-04-18T10:43:53.329+00:00,8,6.42,0
2026-04-18T10:43:55.332+00:00,1,6.85,0
2026-04-18T10:43:55.332+00:00,2,6.84,0
2026-04-18T10:43:55.332+00:00,3,6.33,0
2026-04-18T10:43:55.332+00:00,4,6.7,0
2026-04-18T10:43:55.332+00:00,5,6.06,0
2026-04-18T10:43:55.332+00:00,6,6.32,0
2026-04-18T10:43:55.332+00:00,7,1.5,1
2026-04-18T10:43:55.332+00:00,8,6.64,0
2026-04-18T10:43:57.336+00:00,1,7.2,0
2026-04-18T10:43:57.336+00:00,2,7.09,0
2026-04-18T10:43:57.336+00:00,3,6.34,0
2026-04-18T10:43:57.336+00:00,4,6.73,0
2026-04-18T10:43:57.336+00:00,5,6.24,0
2026-04-18T10:43:57.336+00:00,6,6.55,0
2026-04-18T10:43:57.336+00:00,7,7.5,1
2026-04-18T10:43:57.336+00:00,8,6.55,0
2026-04-18T10:43:59.340+00:00,1,6.84,0
2026-04-18T10:43:59.340+00:00,2,7.01,0
2026-04-18T10:43:59.340+00:00,3,6.09,0
2026-04-18T10:43:59.340+00:00,4,6.55,0
2026-04-18T10:43:59.340+00:00,5,6.28,0
2026-04-18T10:43:59.340+00:00,6,6.4,0
2026-04-18T10:43:59.340+00:00,7,1.5,1
2026-04-18T10:43:59.340+00:00,8,6.43,0
2026-04-18T10:44:01.344+00:00,1,7.03,0
2026-04-18T10:44:01.344+00:00,2,6.72,0
2026-04-18T10:44:01.344+00:00,3,6.31,0
2026-04-18T10:44:01.344+00:00,4,6.74,0
2026-04-18T10:44:01.344+00:00,5,6.38,0
2026-04-18T10:44:01.344+00:00,6,6.31,0
2026-04-18T10:44:01.344+00:00,7,7.5,1
2026-04-18T10:44:01.344+00:00,8,6.45,0
2026-04-18T10:44:03.348+00:00,1,6.87,0
2026-04-18T10:44:03.348+00:00,2,6.83,0
2026-04-18T10:44:03.348+00:00,3,1.5,1
2026-04-18T10:44:03.348+00:00,4,6.73,0
2026-04-18T10:44:03.348+00:00,5,6.15,0
2026-04-18T10:44:03.348+00:00,6,2.85,0
2026-04-18T10:44:03.348+00:00,7,2.72,0
2026-04-18T10:44:03.348+00:00,8,6.38,0
2026-04-18T10:44:05.351+00:00,1,7.09,0
2026-04-18T10:44:05.351+00:00,2,6.71,0
2026-04-18T10:44:05.351+00:00,3,7.5,1
2026-04-18T10:44:05.351+00:00,4,6.74,0
2026-04-18T10:44:05.351+00:00,5,6.24,0
2026-04-18T10:44:05.351+00:00,6,2.85,0
2026-04-18T10:44:05.351+00:00,7,2.87,0
2026-04-18T10:44:05.351+00:00,8,6.63,0
2026-04-18T10:44:07.355+00:00,1,7.01,0
2026-04-18T10:44:07.355+00:00,2,6.88,0
2026-04-18T10:44:07.355+00:00,3,1.5,1
2026-04-18T10:44:07.355+00:00,4,6.54,0
2026-04-18T10:44:07.355+00:00,5,6.17,0
2026-04-18T10:44:07.355+00:00,6,2.85,0
2026-04-18T10:44:07.355+00:00,7,2.76,0
2026-04-18T10:44:07.355+00:00,8,6.59,0
2026-04-18T10:44:09.360+00:00,1,7.09,0
2026-04-18T10:44:09.360+00:00,2,7.01,0
2026-04-18T10:44:09.360+00:00,3,7.5,1
2026-04-18T10:44:09.360+00:00,4,6.58,0
2026-04-18T10:44:09.360+00:00,5,6.34,0
2026-04-18T10:44:09.360+00:00,6,2.85,0
2026-04-18T10:44:09.360+00:00,7,2.76,0
2026-04-18T10:44:09.360+00:00,8,6.75,0
2026-04-18T10:44:11.364+00:00,1,6.95,0
2026-04-18T10:44:11.364+00:00,2,6.96,0
2026-04-18T10:44:11.364+00:00,3,1.5,1
2026-04-18T10:44:11.364+00:00,4,6.62,0
2026-04-18T10:44:11.364+00:00,5,6.23,0
2026-04-18T10:44:11.364+00:00,6,2.85,0
2026-04-18T10:44:11.364+00:00,7,2.85,0
2026-04-18T10:44:11.364+00:00,8,0.17,1
2026-04-18T10:44:13.370+00:00,1,7.2,0
2026-04-18T10:44:13.370+00:00,2,6.88,0
2026-04-18T10:44:13.370+00:00,3,7.5,1
2026-04-18T10:44:13.370+00:00,4,6.53,0
2026-04-18T10:44:13.370+00:00,5,6.15,0
2026-04-18T10:44:13.370+00:00,6,2.85,0
2026-04-18T10:44:13.370+00:00,7,2.83,0
2026-04-18T10:44:13.370+00:00,8,14.53,1
2026-04-18T10:44:15.375+00:00,1,6.99,0
2026-04-18T10:44:15.375+00:00,2,7.01,0
2026-04-18T10:44:15.375+00:00,3,1.5,1
2026-04-18T10:44:15.375+00:00,4,6.72,0
2026-04-18T10:44:15.375+00:00,5,6.13,0
2026-04-18T10:44:15.375+00:00,6,2.85,0
2026-04-18T10:44:15.375+00:00,7,2.72,0
2026-04-18T10:44:15.375+00:00,8,14.59,1
2026-04-18T10:44:17.379+00:00,1,7.12,0
2026-04-18T10:44:17.379+00:00,2,6.9,0
2026-04-18T10:44:17.379+00:00,3,7.5,1
2026-04-18T10:44:17.379+00:00,4,6.64,0
2026-04-18T10:44:17.379+00:00,5,6.35,0
2026-04-18T10:44:17.379+00:00,6,2.85,0
2026-04-18T10:44:17.379+00:00,7,2.75,0
2026-04-18T10:44:17.379+00:00,8,11.75,1
2026-04-18T10:44:19.382+00:00,1,6.89,0
2026-04-18T10:44:19.382+00:00,2,2.1,0
2026-04-18T10:44:19.382+00:00,3,1.5,1
2026-04-18T10:44:19.382+00:00,4,6.76,0
2026-04-18T10:44:19.382+00:00,5,6.13,0
2026-04-18T10:44:19.382+00:00,6,2.85,0
2026-04-18T10:44:19.382+00:00,7,2.79,0
2026-04-18T10:44:19.382+00:00,8,0.46,1
2026-04-18T10:44:21.387+00:00,1,7.16,0
2026-04-18T10:44:21.387+00:00,2,2.1,0
2026-04-18T10:44:21.387+00:00,3,2.0,0
2026-04-18T10:44:21.387+00:00,4,6.84,0
2026-04-18T10:44:21.387+00:00,5,6.38,0
2026-04-18T10:44:21.387+00:00,6,2.85,0
2026-04-18T10:44:21.387+00:00,7,2.85,0
2026-04-18T10:44:21.387+00:00,8,10.38,1
2026-04-18T10:44:23.391+00:00,1,6.84,0
2026-04-18T10:44:23.391+00:00,2,2.1,0
2026-04-18T10:44:23.391+00:00,3,2.1,0
2026-04-18T10:44:23.391+00:00,4,6.57,0
2026-04-18T10:44:23.391+00:00,5,6.01,0
2026-04-18T10:44:23.391+00:00,6,2.85,0
2026-04-18T10:44:23.391+00:00,7,11.39,1
2026-04-18T10:44:23.391+00:00,8,11.03,1
2026-04-18T10:44:25.395+00:00,1,6.96,0
2026-04-18T10:44:25.395+00:00,2,2.1,0
2026-04-18T10:44:25.395+00:00,3,2.01,0
2026-04-18T10:44:25.395+00:00,4,6.78,0
2026-04-18T10:44:25.395+00:00,5,6.01,0
2026-04-18T10:44:25.395+00:00,6,2.85,0
2026-04-18T10:44:25.395+00:00,7,10.4,1
2026-04-18T10:44:25.395+00:00,8,6.49,0
2026-04-18T10:44:27.399+00:00,1,6.98,0
2026-04-18T10:44:27.399+00:00,2,2.1,0
2026-04-18T10:44:27.399+00:00,3,2.12,0
2026-04-18T10:44:27.399+00:00,4,6.79,0
2026-04-18T10:44:27.399+00:00,5,6.08,0
2026-04-18T10:44:27.399+00:00,6,2.85,0
2026-04-18T10:44:27.399+00:00,7,12.11,1
2026-04-18T10:44:27.399+00:00,8,6.5,0
2026-04-18T10:44:29.403+00:00,1,7.01,0
2026-04-18T10:44:29.403+00:00,2,2.1,0
2026-04-18T10:44:29.403+00:00,3,2.14,0
2026-04-18T10:44:29.403+00:00,4,6.5,0
2026-04-18T10:44:29.403+00:00,5,6.1,0
2026-04-18T10:44:29.403+00:00,6,2.85,0
2026-04-18T10:44:29.403+00:00,7,0.23,1
2026-04-18T10:44:29.403+00:00,8,6.26,0
2026-04-18T10:44:31.407+00:00,1,6.86,0
2026-04-18T10:44:31.407+00:00,2,2.1,0
2026-04-18T10:44:31.407+00:00,3,2.09,0
2026-04-18T10:44:31.407+00:00,4,6.87,0
2026-04-18T10:44:31.407+00:00,5,6.26,0
2026-04-18T10:44:31.407+00:00,6,2.85,0
2026-04-18T10:44:31.407+00:00,7,0.2,1
2026-04-18T10:44:31.407+00:00,8,6.33,0
2026-04-18T10:44:33.411+00:00,1,6.39,0
2026-04-18T10:44:33.411+00:00,2,2.1,0
2026-04-18T10:44:33.411+00:00,3,2.15,0
2026-04-18T10:44:33.411+00:00,4,6.85,0
2026-04-18T10:44:33.411+00:00,5,6.04,0
2026-04-18T10:44:33.411+00:00,6,2.85,0
2026-04-18T10:44:33.411+00:00,7,14.57,1
2026-04-18T10:44:33.411+00:00,8,6.51,0
2026-04-18T10:44:35.414+00:00,1,5.37,0
2026-04-18T10:44:35.414+00:00,2,2.1,0
2026-04-18T10:44:35.414+00:00,3,2.08,0
2026-04-18T10:44:35.414+00:00,4,6.85,0
2026-04-18T10:44:35.414+00:00,5,6.14,0
2026-04-18T10:44:35.414+00:00,6,2.85,0
2026-04-18T10:44:35.414+00:00,7,11.7,1
2026-04-18T10:44:35.414+00:00,8,6.24,0
2026-04-18T10:44:37.420+00:00,1,4.3,0
2026-04-18T10:44:37.420+00:00,2,2.1,0
2026-04-18T10:44:37.420+00:00,3,2.09,0
2026-04-18T10:44:37.420+00:00,4,6.51,0
2026-04-18T10:44:37.420+00:00,5,6.33,0
2026-04-18T10:44:37.420+00:00,6,2.85,0
2026-04-18T10:44:37.420+00:00,7,0.34,1
2026-04-18T10:44:37.420+00:00,8,6.54,0
2026-04-18T10:44:39.424+00:00,1,3.14,0
2026-04-18T10:44:39.424+00:00,2,2.1,0
2026-04-18T10:44:39.424+00:00,3,2.11,0
2026-04-18T10:44:39.424+00:00,4,6.72,0
2026-04-18T10:44:39.424+00:00,5,6.12,0
2026-04-18T10:44:39.424+00:00,6,2.85,0
2026-04-18T10:44:39.424+00:00,7,1.5,1
2026-04-18T10:44:39.424+00:00,8,6.31,0
2026-04-18T10:44:41.429+00:00,1,2.27,0
2026-04-18T10:44:41.429+00:00,2,2.1,0
2026-04-18T10:44:41.429+00:00,3,2.16,0
2026-04-18T10:44:41.429+00:00,4,6.7,0
2026-04-18T10:44:41.429+00:00,5,6.02,0
2026-04-18T10:44:41.429+00:00,6,2.85,0
2026-04-18T10:44:41.429+00:00,7,7.5,1
2026-04-18T10:44:41.429+00:00,8,6.44,0
2026-04-18T10:44:43.432+00:00,1,2.32,0
2026-04-18T10:44:43.432+00:00,2,2.1,0
2026-04-18T10:44:43.432+00:00,3,2.1,0
2026-04-18T10:44:43.432+00:00,4,6.21,0
2026-04-18T10:44:43.432+00:00,5,6.05,0
2026-04-18T10:44:43.432+00:00,6,2.85,0
2026-04-18T10:44:43.432+00:00,7,1.5,1
2026-04-18T10:44:43.432+00:00,8,6.45,0
2026-04-18T10:44:45.435+00:00,1,2.18,0
2026-04-18T10:44:45.435+00:00,2,2.1,0
2026-04-18T10:44:45.435+00:00,3,2.02,0
2026-04-18T10:44:45.435+00:00,4,6.21,0
2026-04-18T10:44:45.435+00:00,5,6.15,0
2026-04-18T10:44:45.435+00:00,6,2.85,0
2026-04-18T10:44:45.435+00:00,7,7.5,1
2026-04-18T10:44:45.435+00:00,8,6.33,0
2026-04-18T10:44:47.440+00:00,1,2.22,0
2026-04-18T10:44:47.440+00:00,2,2.1,0
2026-04-18T10:44:47.440+00:00,3,1.98,0
2026-04-18T10:44:47.440+00:00,4,6.21,0
2026-04-18T10:44:47.440+00:00,5,6.03,0
2026-04-18T10:44:47.440+00:00,6,2.85,0
2026-04-18T10:44:47.440+00:00,7,1.5,1
2026-04-18T10:44:47.440+00:00,8,6.45,0
2026-04-18T10:44:49.444+00:00,1,2.35,0
2026-04-18T10:44:49.444+00:00,2,2.1,0
2026-04-18T10:44:49.444+00:00,3,2.03,0
2026-04-18T10:44:49.444+00:00,4,6.21,0
2026-04-18T10:44:49.444+00:00,5,6.38,0
2026-04-18T10:44:49.444+00:00,6,2.85,0
2026-04-18T10:44:49.444+00:00,7,7.5,1
2026-04-18T10:44:49.444+00:00,8,6.42,0
2026-04-18T10:44:51.449+00:00,1,2.17,0
2026-04-18T10:44:51.449+00:00,2,2.1,0
2026-04-18T10:44:51.449+00:00,3,2.05,0
2026-04-18T10:44:51.449+00:00,4,6.21,0
2026-04-18T10:44:51.449+00:00,5,6.14,0
2026-04-18T10:44:51.449+00:00,6,2.85,0
2026-04-18T10:44:51.449+00:00,7,1.5,1
2026-04-18T10:44:51.449+00:00,8,6.3,0
2026-04-18T10:44:53.452+00:00,1,2.3,0
2026-04-18T10:44:53.452+00:00,2,2.1,0
2026-04-18T10:44:53.452+00:00,3,2.16,0
2026-04-18T10:44:53.452+00:00,4,6.21,0
2026-04-18T10:44:53.452+00:00,5,6.1,0
2026-04-18T10:44:53.452+00:00,6,2.85,0
2026-04-18T10:44:53.452+00:00,7,2.7,0
2026-04-18T10:44:53.452+00:00,8,6.45,0
2026-04-18T10:44:55.460+00:00,1,14.8,1
2026-04-18T10:44:55.460+00:00,2,2.1,0
2026-04-18T10:44:55.460+00:00,3,2.01,0
2026-04-18T10:44:55.460+00:00,4,6.21,0
2026-04-18T10:44:55.460+00:00,5,6.39,0
2026-04-18T10:44:55.460+00:00,6,2.85,0
2026-04-18T10:44:55.460+00:00,7,2.7,0
2026-04-18T10:44:55.460+00:00,8,6.52,0
2026-04-18T10:44:57.464+00:00,1,11.93,1
2026-04-18T10:44:57.464+00:00,2,2.1,0
2026-04-18T10:44:57.464+00:00,3,2.03,0
2026-04-18T10:44:57.464+00:00,4,6.21,0
2026-04-18T10:44:57.464+00:00,5,6.05,0
2026-04-18T10:44:57.464+00:00,6,2.85,0
2026-04-18T10:44:57.464+00:00,7,2.75,0
2026-04-18T10:44:57.464+00:00,8,6.53,0
2026-04-18T10:44:59.466+00:00,1,14.46,1
2026-04-18T10:44:59.466+00:00,2,2.1,0
2026-04-18T10:44:59.466+00:00,3,2.17,0
2026-04-18T10:44:59.466+00:00,4,6.21,0
2026-04-18T10:44:59.466+00:00,5,6.38,0
2026-04-18T10:44:59.466+00:00,6,2.85,0
2026-04-18T10:44:59.466+00:00,7,2.64,0
2026-04-18T10:44:59.466+00:00,8,6.4,0
2026-04-18T10:45:01.470+00:00,1,0.28,1
2026-04-18T10:45:01.470+00:00,2,2.1,0
2026-04-18T10:45:01.470+00:00,3,2.12,0
2026-04-18T10:45:01.470+00:00,4,6.21,0
2026-04-18T10:45:01.470+00:00,5,6.15,0
2026-04-18T10:45:01.470+00:00,6,2.85,0
2026-04-18T10:45:01.470+00:00,7,2.73,0
2026-04-18T10:45:01.470+00:00,8,6.18,0
2026-04-18T10:45:03.476+00:00,1,0.7,1
2026-04-18T10:45:03.476+00:00,2,2.1,0
2026-04-18T10:45:03.476+00:00,3,1.99,0
2026-04-18T10:45:03.476+00:00,4,6.21,0
2026-04-18T10:45:03.476+00:00,5,6.02,0
2026-04-18T10:45:03.476+00:00,6,2.85,1
2026-04-18T10:45:03.476+00:00,7,2.56,0
2026-04-18T10:45:03.476+00:00,8,6.34,0
2026-04-18T10:45:05.481+00:00,1,13.43,1
2026-04-18T10:45:05.481+00:00,2,2.1,0
2026-04-18T10:45:05.481+00:00,3,2.05,0
2026-04-18T10:45:05.481+00:00,4,6.21,0
2026-04-18T10:45:05.481+00:00,5,6.39,0
2026-04-18T10:45:05.481+00:00,6,2.92,0
2026-04-18T10:45:05.481+00:00,7,2.67,0
2026-04-18T10:45:05.481+00:00,8,6.51,0
2026-04-18T10:45:07.485+00:00,1,1.89,0
2026-04-18T10:45:07.485+00:00,2,2.59,0
2026-04-18T10:45:07.485+00:00,3,2.05,0
2026-04-18T10:45:07.485+00:00,4,6.21,0
2026-04-18T10:45:07.485+00:00,5,6.06,0
2026-04-18T10:45:07.485+00:00,6,3.0,0
2026-04-18T10:45:07.485+00:00,7,2.61,0
2026-04-18T10:45:07.485+00:00,8,6.38,0
2026-04-18T10:45:09.488+00:00,1,1.91,0
2026-04-18T10:45:09.488+00:00,2,2.55,0
2026-04-18T10:45:09.488+00:00,3,2.12,0
2026-04-18T10:45:09.488+00:00,4,6.21,0
2026-04-18T10:45:09.488+00:00,5,6.33,0
2026-04-18T10:45:09.488+00:00,6,3.01,0
2026-04-18T10:45:09.488+00:00,7,2.59,0
2026-04-18T10:45:09.488+00:00,8,6.42,0
2026-04-18T10:45:11.490+00:00,1,2.01,0
2026-04-18T10:45:11.490+00:00,2,2.46,0
2026-04-18T10:45:11.490+00:00,3,2.05,0
2026-04-18T10:45:11.490+00:00,4,6.21,0
2026-04-18T10:45:11.490+00:00,5,6.35,0
2026-04-18T10:45:11.490+00:00,6,2.93,0
2026-04-18T10:45:11.490+00:00,7,2.69,0
2026-04-18T10:45:11.490+00:00,8,6.29,0
2026-04-18T10:45:13.493+00:00,1,1.92,0
2026-04-18T10:45:13.493+00:00,2,2.59,0
2026-04-18T10:45:13.493+00:00,3,2.07,0
2026-04-18T10:45:13.493+00:00,4,6.21,0
2026-04-18T10:45:13.493+00:00,5,5.47,0
2026-04-18T10:45:13.493+00:00,6,2.92,0
2026-04-18T10:45:13.493+00:00,7,2.65,0
2026-04-18T10:45:13.493+00:00,8,6.25,0
2026-04-18T10:45:15.496+00:00,1,1.98,0
2026-04-18T10:45:15.496+00:00,2,2.55,0
2026-04-18T10:45:15.496+00:00,3,2.02,0
2026-04-18T10:45:15.496+00:00,4,6.21,0
2026-04-18T10:45:15.496+00:00,5,4.66,0
2026-04-18T10:45:15.496+00:00,6,2.98,0
2026-04-18T10:45:15.496+00:00,7,2.71,0
2026-04-18T10:45:15.496+00:00,8,6.42,0
2026-04-18T10:45:17.499+00:00,1,2.01,0
2026-04-18T10:45:17.499+00:00,2,2.5,0
2026-04-18T10:45:17.499+00:00,3,2.12,0
2026-04-18T10:45:17.499+00:00,4,6.21,0
2026-04-18T10:45:17.499+00:00,5,3.72,0
2026-04-18T10:45:17.499+00:00,6,2.9,0
2026-04-18T10:45:17.499+00:00,7,2.76,0
2026-04-18T10:45:17.499+00:00,8,6.39,0
2026-04-18T10:45:19.503+00:00,1,2.05,0
2026-04-18T10:45:19.503+00:00,2,2.63,0
2026-04-18T10:45:19.503+00:00,3,2.13,0
2026-04-18T10:45:19.503+00:00,4,6.21,0
2026-04-18T10:45:19.503+00:00,5,3.17,0
2026-04-18T10:45:19.503+00:00,6,3.01,0
2026-04-18T10:45:19.503+00:00,7,2.61,0
2026-04-18T10:45:19.503+00:00,8,6.41,0
2026-04-18T10:45:21.506+00:00,1,2.0,0
2026-04-18T10:45:21.506+00:00,2,2.6,0
2026-04-18T10:45:21.506+00:00,3,2.12,0
2026-04-18T10:45:21.506+00:00,4,6.21,0
2026-04-18T10:45:21.506+00:00,5,2.7,0
2026-04-18T10:45:21.506+00:00,6,2.96,0
2026-04-18T10:45:21.506+00:00,7,2.6,0
2026-04-18T10:45:21.506+00:00,8,6.31,0
2026-04-18T10:45:23.509+00:00,1,1.95,0
2026-04-18T10:45:23.509+00:00,2,2.5,0
2026-04-18T10:45:23.509+00:00,3,2.17,0
2026-04-18T10:45:23.509+00:00,4,6.21,0
2026-04-18T10:45:23.509+00:00,5,2.71,0
2026-04-18T10:45:23.509+00:00,6,3.02,0
2026-04-18T10:45:23.509+00:00,7,2.68,0
2026-04-18T10:45:23.509+00:00,8,6.31,0
2026-04-18T10:45:25.512+00:00,1,1.99,0
2026-04-18T10:45:25.512+00:00,2,2.47,0
2026-04-18T10:45:25.512+00:00,3,7.5,0
2026-04-18T10:45:25.512+00:00,4,6.21,0
2026-04-18T10:45:25.512+00:00,5,2.72,0
2026-04-18T10:45:25.512+00:00,6,2.93,0
2026-04-18T10:45:25.512+00:00,7,2.67,0
2026-04-18T10:45:25.512+00:00,8,6.25,0
2026-04-18T10:45:27.516+00:00,1,2.08,0
2026-04-18T10:45:27.516+00:00,2,2.47,0
2026-04-18T10:45:27.516+00:00,3,7.51,0
2026-04-18T10:45:27.516+00:00,4,6.38,0
2026-04-18T10:45:27.516+00:00,5,2.77,0
2026-04-18T10:45:27.516+00:00,6,2.84,0
2026-04-18T10:45:27.516+00:00,7,2.65,0
2026-04-18T10:45:27.516+00:00,8,6.33,0
2026-04-18T10:45:29.519+00:00,1,1.97,0
2026-04-18T10:45:29.519+00:00,2,2.45,0
2026-04-18T10:45:29.519+00:00,3,7.76,0
2026-04-18T10:45:29.519+00:00,4,6.08,0
2026-04-18T10:45:29.519+00:00,5,2.66,0
2026-04-18T10:45:29.519+00:00,6,2.96,0
2026-04-18T10:45:29.519+00:00,7,2.74,0
2026-04-18T10:45:29.519+00:00,8,6.41,0
2026-04-18T10:45:31.521+00:00,1,2.02,0
2026-04-18T10:45:31.521+00:00,2,2.5,0
2026-04-18T10:45:31.521+00:00,3,7.78,0
2026-04-18T10:45:31.521+00:00,4,6.09,0
2026-04-18T10:45:31.521+00:00,5,2.67,0
2026-04-18T10:45:31.521+00:00,6,2.96,0
2026-04-18T10:45:31.521+00:00,7,2.7,0
2026-04-18T10:45:31.521+00:00,8,6.39,0
2026-04-18T10:45:33.524+00:00,1,1.93,0
2026-04-18T10:45:33.524+00:00,2,2.46,0
2026-04-18T10:45:33.524+00:00,3,7.65,0
2026-04-18T10:45:33.524+00:00,4,6.21,0
2026-04-18T10:45:33.524+00:00,5,2.61,0
2026-04-18T10:45:33.524+00:00,6,2.98,0
2026-04-18T10:45:33.524+00:00,7,2.65,0
2026-04-18T10:45:33.524+00:00,8,6.25,0
2026-04-18T10:45:35.532+00:00,1,1.98,0
2026-04-18T10:45:35.532+00:00,2,2.63,0
2026-04-18T10:45:35.532+00:00,3,7.44,0
2026-04-18T10:45:35.532+00:00,4,6.12,0
2026-04-18T10:45:35.532+00:00,5,2.62,0
2026-04-18T10:45:35.532+00:00,6,2.94,0
2026-04-18T10:45:35.532+00:00,7,2.64,0
2026-04-18T10:45:35.532+00:00,8,6.39,0
2026-04-18T10:45:37.534+00:00,1,2.07,0
2026-04-18T10:45:37.534+00:00,2,2.57,0
2026-04-18T10:45:37.534+00:00,3,7.58,0
2026-04-18T10:45:37.534+00:00,4,6.18,0
2026-04-18T10:45:37.534+00:00,5,2.77,0
2026-04-18T10:45:37.534+00:00,6,2.9,0
2026-04-18T10:45:37.534+00:00,7,2.56,0
2026-04-18T10:45:37.534+00:00,8,6.19,0
2026-04-18T10:45:39.538+00:00,1,1.91,0
2026-04-18T10:45:39.538+00:00,2,2.5,0
2026-04-18T10:45:39.538+00:00,3,7.78,0
2026-04-18T10:45:39.538+00:00,4,6.21,0
2026-04-18T10:45:39.538+00:00,5,2.63,0
2026-04-18T10:45:39.538+00:00,6,2.88,0
2026-04-18T10:45:39.538+00:00,7,2.74,0
2026-04-18T10:45:39.538+00:00,8,6.21,0
2026-04-18T10:45:41.541+00:00,1,1.98,0
2026-04-18T10:45:41.541+00:00,2,2.51,0
2026-04-18T10:45:41.541+00:00,3,7.82,0
2026-04-18T10:45:41.541+00:00,4,6.24,0
2026-04-18T10:45:41.541+00:00,5,2.76,0
2026-04-18T10:45:41.541+00:00,6,2.89,0
2026-04-18T10:45:41.541+00:00,7,2.66,0
2026-04-18T10:45:41.541+00:00,8,6.48,0
2026-04-18T10:45:43.544+00:00,1,1.89,0
2026-04-18T10:45:43.544+00:00,2,2.53,0
2026-04-18T10:45:43.544+00:00,3,7.71,0
2026-04-18T10:45:43.544+00:00,4,6.08,0
2026-04-18T10:45:43.544+00:00,5,2.79,0
2026-04-18T10:45:43.544+00:00,6,2.86,0
2026-04-18T10:45:43.544+00:00,7,2.67,0
2026-04-18T10:45:43.544+00:00,8,0.13,1
2026-04-18T10:45:45.549+00:00,1,1.9,0
2026-04-18T10:45:45.549+00:00,2,2.63,0
2026-04-18T10:45:45.549+00:00,3,7.57,0
2026-04-18T10:45:45.549+00:00,4,6.12,0
2026-04-18T10:45:45.549+00:00,5,2.63,0
2026-04-18T10:45:45.549+00:00,6,2.94,0
2026-04-18T10:45:45.549+00:00,7,2.68,0
2026-04-18T10:45:45.549+00:00,8,0.12,1
2026-04-18T10:45:47.552+00:00,1,1.89,0
2026-04-18T10:45:47.552+00:00,2,2.62,0
2026-04-18T10:45:47.552+00:00,3,7.64,0
2026-04-18T10:45:47.552+00:00,4,6.12,0
2026-04-18T10:45:47.552+00:00,5,2.71,0
2026-04-18T10:45:47.552+00:00,6,2.85,0
2026-04-18T10:45:47.552+00:00,7,2.69,0
2026-04-18T10:45:47.552+00:00,8,0.81,1
2026-04-18T10:45:49.556+00:00,1,1.95,0
2026-04-18T10:45:49.556+00:00,2,2.63,0
2026-04-18T10:45:49.556+00:00,3,7.58,0
2026-04-18T10:45:49.556+00:00,4,6.36,0
2026-04-18T10:45:49.556+00:00,5,2.77,0
2026-04-18T10:45:49.556+00:00,6,2.98,0
2026-04-18T10:45:49.556+00:00,7,2.65,0
2026-04-18T10:45:49.556+00:00,8,13.99,1
2026-04-18T10:45:51.559+00:00,1,2.05,0
2026-04-18T10:45:51.559+00:00,2,2.62,0
2026-04-18T10:45:51.559+00:00,3,7.46,0
2026-04-18T10:45:51.559+00:00,4,6.15,0
2026-04-18T10:45:51.559+00:00,5,2.76,0
2026-04-18T10:45:51.559+00:00,6,2.92,0
2026-04-18T10:45:51.559+00:00,7,2.68,0
2026-04-18T10:45:51.559+00:00,8,0.59,1
2026-04-18T10:45:53.564+00:00,1,1.9,0
2026-04-18T10:45:53.564+00:00,2,2.51,0
2026-04-18T10:45:53.564+00:00,3,7.69,0
2026-04-18T10:45:53.564+00:00,4,6.16,0
2026-04-18T10:45:53.564+00:00,5,2.76,0
2026-04-18T10:45:53.564+00:00,6,2.86,0
2026-04-18T10:45:53.564+00:00,7,2.59,0
2026-04-18T10:45:53.564+00:00,8,0.8,1
2026-04-18T10:45:55.573+00:00,1,2.02,0
2026-04-18T10:45:55.573+00:00,2,2.55,0
2026-04-18T10:45:55.573+00:00,3,7.68,0
2026-04-18T10:45:55.573+00:00,4,6.14,0
2026-04-18T10:45:55.573+00:00,5,2.61,0
2026-04-18T10:45:55.573+00:00,6,2.98,0
2026-04-18T10:45:55.573+00:00,7,2.64,0
2026-04-18T10:45:55.573+00:00,8,12.3,1
2026-04-18T10:45:57.577+00:00,1,2.05,0
2026-04-18T10:45:57.577+00:00,2,12.14,1
2026-04-18T10:45:57.577+00:00,3,7.55,0
2026-04-18T10:45:57.577+00:00,4,6.12,0
2026-04-18T10:45:57.577+00:00,5,2.6,0
2026-04-18T10:45:57.577+00:00,6,2.98,0
2026-04-18T10:45:57.577+00:00,7,2.58,0
2026-04-18T10:45:57.577+00:00,8,12.56,1
2026-04-18T10:45:59.582+00:00,1,1.96,0
2026-04-18T10:45:59.582+00:00,2,13.1,1
2026-04-18T10:45:59.582+00:00,3,7.73,0
2026-04-18T10:45:59.582+00:00,4,6.31,0
2026-04-18T10:45:59.582+00:00,5,5.14,0
2026-04-18T10:45:59.582+00:00,6,3.0,0
2026-04-18T10:45:59.582+00:00,7,2.68,0
2026-04-18T10:45:59.582+00:00,8,14.19,1
2026-04-18T10:46:01.587+00:00,1,1.96,0
2026-04-18T10:46:01.587+00:00,2,10.3,1
2026-04-18T10:46:01.587+00:00,3,7.42,0
2026-04-18T10:46:01.587+00:00,4,6.34,0
2026-04-18T10:46:01.587+00:00,5,5.14,0
2026-04-18T10:46:01.587+00:00,6,2.97,0
2026-04-18T10:46:01.587+00:00,7,2.76,0
2026-04-18T10:46:01.587+00:00,8,1.91,0
2026-04-18T10:46:03.591+00:00,1,1.99,0
2026-04-18T10:46:03.591+00:00,2,0.44,1
2026-04-18T10:46:03.591+00:00,3,7.8,0
2026-04-18T10:46:03.591+00:00,4,6.39,0
2026-04-18T10:46:03.591+00:00,5,5.14,0
2026-04-18T10:46:03.591+00:00,6,2.85,0
2026-04-18T10:46:03.591+00:00,7,2.62,0
2026-04-18T10:46:03.591+00:00,8,1.93,0
2026-04-18T10:46:05.595+00:00,1,2.04,0
2026-04-18T10:46:05.595+00:00,2,11.42,1
2026-04-18T10:46:05.595+00:00,3,7.6,0
2026-04-18T10:46:05.595+00:00,4,6.35,0
2026-04-18T10:46:05.595+00:00,5,5.14,0
2026-04-18T10:46:05.595+00:00,6,2.84,0
2026-04-18T10:46:05.595+00:00,7,2.6,0
2026-04-18T10:46:05.595+00:00,8,1.98,0
2026-04-18T10:46:07.599+00:00,1,1.91,0
2026-04-18T10:46:07.599+00:00,2,12.45,1
2026-04-18T10:46:07.599+00:00,3,7.56,0
2026-04-18T10:46:07.599+00:00,4,6.19,0
2026-04-18T10:46:07.599+00:00,5,5.14,0
2026-04-18T10:46:07.599+00:00,6,2.97,0
2026-04-18T10:46:07.599+00:00,7,2.71,0
2026-04-18T10:46:07.599+00:00,8,1.96,0
2026-04-18T10:46:09.603+00:00,1,1.97,0
2026-04-18T10:46:09.603+00:00,2,0.63,1
2026-04-18T10:46:09.603+00:00,3,7.59,0
2026-04-18T10:46:09.603+00:00,4,6.05,0
2026-04-18T10:46:09.603+00:00,5,5.14,0
2026-04-18T10:46:09.603+00:00,6,2.93,0
2026-04-18T10:46:09.603+00:00,7,2.68,0
2026-04-18T10:46:09.603+00:00,8,1.85,0
2026-04-18T10:46:11.607+00:00,1,2.07,0
2026-04-18T10:46:11.607+00:00,2,14.1,1
2026-04-18T10:46:11.607+00:00,3,7.45,0
2026-04-18T10:46:11.607+00:00,4,6.22,0
2026-04-18T10:46:11.607+00:00,5,5.14,0
2026-04-18T10:46:11.607+00:00,6,3.01,0
2026-04-18T10:46:11.607+00:00,7,2.58,0
2026-04-18T10:46:11.607+00:00,8,1.98,0
2026-04-18T10:46:13.610+00:00,1,2.03,0
2026-04-18T10:46:13.610+00:00,2,2.08,0
2026-04-18T10:46:13.610+00:00,3,7.65,0
2026-04-18T10:46:13.610+00:00,4,6.24,0
2026-04-18T10:46:13.610+00:00,5,5.14,0
2026-04-18T10:46:13.610+00:00,6,2.89,0
2026-04-18T10:46:13.610+00:00,7,6.36,0
2026-04-18T10:46:13.610+00:00,8,1.5,1
2026-04-18T10:46:15.614+00:00,1,1.99,0
2026-04-18T10:46:15.614+00:00,2,1.98,0
2026-04-18T10:46:15.614+00:00,3,7.65,0
2026-04-18T10:46:15.614+00:00,4,6.03,0
2026-04-18T10:46:15.614+00:00,5,5.14,0
2026-04-18T10:46:15.614+00:00,6,2.9,0
2026-04-18T10:46:15.614+00:00,7,6.44,0
2026-04-18T10:46:15.614+00:00,8,7.5,1
2026-04-18T10:46:17.616+00:00,1,1.99,0
2026-04-18T10:46:17.616+00:00,2,2.1,0
2026-04-18T10:46:17.616+00:00,3,7.54,0
2026-04-18T10:46:17.616+00:00,4,6.38,0
2026-04-18T10:46:17.616+00:00,5,5.14,0
2026-04-18T10:46:17.616+00:00,6,2.87,0
2026-04-18T10:46:17.616+00:00,7,6.66,0
2026-04-18T10:46:17.616+00:00,8,1.5,1
2026-04-18T10:46:19.619+00:00,1,1.89,0
2026-04-18T10:46:19.619+00:00,2,1.95,0
2026-04-18T10:46:19.619+00:00,3,7.68,0
2026-04-18T10:46:19.619+00:00,4,0.46,1
2026-04-18T10:46:19.619+00:00,5,5.14,0
2026-04-18T10:46:19.619+00:00,6,2.92,0
2026-04-18T10:46:19.619+00:00,7,6.41,0
2026-04-18T10:46:19.619+00:00,8,7.5,1
2026-04-18T10:46:21.625+00:00,1,1.98,0
2026-04-18T10:46:21.625+00:00,2,1.96,0
2026-04-18T10:46:21.625+00:00,3,7.44,0
2026-04-18T10:46:21.625+00:00,4,11.1,1
2026-04-18T10:46:21.625+00:00,5,5.14,0
2026-04-18T10:46:21.625+00:00,6,2.97,0
2026-04-18T10:46:21.625+00:00,7,6.59,0
2026-04-18T10:46:21.625+00:00,8,1.5,1
2026-04-18T10:46:23.631+00:00,1,1.92,0
2026-04-18T10:46:23.631+00:00,2,1.95,0
2026-04-18T10:46:23.631+00:00,3,7.79,0
2026-04-18T10:46:23.631+00:00,4,0.3,1
2026-04-18T10:46:23.631+00:00,5,5.14,0
2026-04-18T10:46:23.631+00:00,6,3.01,0
2026-04-18T10:46:23.631+00:00,7,6.65,0
2026-04-18T10:46:23.631+00:00,8,7.5,1
2026-04-18T10:46:25.634+00:00,1,6.55,0
2026-04-18T10:46:25.634+00:00,2,1.98,0
2026-04-18T10:46:25.634+00:00,3,7.46,0
2026-04-18T10:46:25.634+00:00,4,12.18,1
2026-04-18T10:46:25.634+00:00,5,5.14,0
2026-04-18T10:46:25.634+00:00,6,2.84,0
2026-04-18T10:46:25.634+00:00,7,6.69,0
2026-04-18T10:46:25.634+00:00,8,1.5,1
2026-04-18T10:46:27.640+00:00,1,6.55,0
2026-04-18T10:46:27.640+00:00,2,1.94,0
2026-04-18T10:46:27.640+00:00,3,7.5,0
2026-04-18T10:46:27.640+00:00,4,13.72,1
2026-04-18T10:46:27.640+00:00,5,5.14,0
2026-04-18T10:46:27.640+00:00,6,2.84,0
2026-04-18T10:46:27.640+00:00,7,4.05,0
2026-04-18T10:46:27.640+00:00,8,2.12,0
2026-04-18T10:46:29.645+00:00,1,6.51,0
2026-04-18T10:46:29.645+00:00,2,1.96,0
2026-04-18T10:46:29.645+00:00,3,7.64,0
2026-04-18T10:46:29.645+00:00,4,0.89,1
2026-04-18T10:46:29.645+00:00,5,5.14,0
2026-04-18T10:46:29.645+00:00,6,2.91,0
2026-04-18T10:46:29.645+00:00,7,4.05,0
2026-04-18T10:46:29.645+00:00,8,2.05,0
2026-04-18T10:46:31.649+00:00,1,6.34,0
2026-04-18T10:46:31.649+00:00,2,1.92,0
2026-04-18T10:46:31.649+00:00,3,7.5,0
2026-04-18T10:46:31.649+00:00,4,0.46,1
2026-04-18T10:46:31.649+00:00,5,5.14,0
2026-04-18T10:46:31.649+00:00,6,2.97,0
2026-04-18T10:46:31.649+00:00,7,4.05,0
2026-04-18T10:46:31.649+00:00,8,1.95,0
2026-04-18T10:46:33.654+00:00,1,6.63,0
2026-04-18T10:46:33.654+00:00,2,1.94,0
2026-04-18T10:46:33.654+00:00,3,7.46,0
2026-04-18T10:46:33.654+00:00,4,0.67,1
2026-04-18T10:46:33.654+00:00,5,5.14,0
2026-04-18T10:46:33.654+00:00,6,3.0,0
2026-04-18T10:46:33.654+00:00,7,4.05,0
2026-04-18T10:46:33.654+00:00,8,2.05,0
2026-04-18T10:46:35.659+00:00,1,6.36,0
2026-04-18T10:46:35.659+00:00,2,1.97,0
2026-04-18T10:46:35.659+00:00,3,7.79,0
2026-04-18T10:46:35.659+00:00,4,0.66,1
2026-04-18T10:46:35.659+00:00,5,5.14,0
2026-04-18T10:46:35.659+00:00,6,2.97,0
2026-04-18T10:46:35.659+00:00,7,4.05,0
2026-04-18T10:46:35.659+00:00,8,1.99,0
2026-04-18T10:46:37.663+00:00,1,6.41,0
2026-04-18T10:46:37.663+00:00,2,1.96,0
2026-04-18T10:46:37.663+00:00,3,7.49,0
2026-04-18T10:46:37.663+00:00,4,7.61,0
2026-04-18T10:46:37.663+00:00,5,5.14,0
2026-04-18T10:46:37.663+00:00,6,6.33,0
2026-04-18T10:46:37.663+00:00,7,4.05,0
2026-04-18T10:46:37.663+00:00,8,2.09,0
2026-04-18T10:46:39.664+00:00,1,6.58,0
2026-04-18T10:46:39.664+00:00,2,2.05,0
2026-04-18T10:46:39.664+00:00,3,7.72,0
2026-04-18T10:46:39.664+00:00,4,7.3,0
2026-04-18T10:46:39.664+00:00,5,5.14,0
2026-04-18T10:46:39.664+00:00,6,6.47,0
2026-04-18T10:46:39.664+00:00,7,4.05,0
2026-04-18T10:46:39.664+00:00,8,2.14,0
2026-04-18T10:46:41.668+00:00,1,6.37,0
2026-04-18T10:46:41.668+00:00,2,1.94,0
2026-04-18T10:46:41.668+00:00,3,7.61,0
2026-04-18T10:46:41.668+00:00,4,7.58,0
2026-04-18T10:46:41.668+00:00,5,5.14,0
2026-04-18T10:46:41.668+00:00,6,6.18,0
2026-04-18T10:46:41.668+00:00,7,4.05,0
2026-04-18T10:46:41.668+00:00,8,2.24,0
2026-04-18T10:46:43.671+00:00,1,6.38,0
2026-04-18T10:46:43.671+00:00,2,2.02,0
2026-04-18T10:46:43.671+00:00,3,7.74,0
2026-04-18T10:46:43.671+00:00,4,7.4,0
2026-04-18T10:46:43.671+00:00,5,5.14,0
2026-04-18T10:46:43.671+00:00,6,6.24,0
2026-04-18T10:46:43.671+00:00,7,4.05,0
2026-04-18T10:46:43.671+00:00,8,2.24,0
2026-04-18T10:46:45.675+00:00,1,6.52,0
2026-04-18T10:46:45.675+00:00,2,1.92,0
2026-04-18T10:46:45.675+00:00,3,7.79,0
2026-04-18T10:46:45.675+00:00,4,7.48,0
2026-04-18T10:46:45.675+00:00,5,7.31,0
2026-04-18T10:46:45.675+00:00,6,6.36,0
2026-04-18T10:46:45.675+00:00,7,4.05,0
2026-04-18T10:46:45.675+00:00,8,2.24,0
2026-04-18T10:46:47.680+00:00,1,6.33,0
2026-04-18T10:46:47.680+00:00,2,1.99,0
2026-04-18T10:46:47.680+00:00,3,7.49,0
2026-04-18T10:46:47.680+00:00,4,7.54,0
2026-04-18T10:46:47.680+00:00,5,7.2,0
2026-04-18T10:46:47.680+00:00,6,6.2,0
2026-04-18T10:46:47.680+00:00,7,4.05,0
2026-04-18T10:46:47.680+00:00,8,2.24,0
2026-04-18T10:46:49.684+00:00,1,6.41,0
2026-04-18T10:46:49.684+00:00,2,2.08,0
2026-04-18T10:46:49.684+00:00,3,7.74,0
2026-04-18T10:46:49.684+00:00,4,7.54,0
2026-04-18T10:46:49.684+00:00,5,7.17,0
2026-04-18T10:46:49.684+00:00,6,6.37,0
2026-04-18T10:46:49.684+00:00,7,4.05,0
2026-04-18T10:46:49.684+00:00,8,2.24,0
2026-04-18T10:46:51.691+00:00,1,6.34,0
2026-04-18T10:46:51.691+00:00,2,2.1,0
2026-04-18T10:46:51.691+00:00,3,7.7,0
2026-04-18T10:46:51.691+00:00,4,7.29,0
2026-04-18T10:46:51.691+00:00,5,7.38,0
2026-04-18T10:46:51.691+00:00,6,6.51,0
2026-04-18T10:46:51.691+00:00,7,4.05,0
2026-04-18T10:46:51.691+00:00,8,2.24,0
2026-04-18T10:46:53.696+00:00,1,6.46,0
2026-04-18T10:46:53.696+00:00,2,2.03,0
2026-04-18T10:46:53.696+00:00,3,7.06,0
2026-04-18T10:46:53.696+00:00,4,7.47,0
2026-04-18T10:46:53.696+00:00,5,7.34,0
2026-04-18T10:46:53.696+00:00,6,6.4,0
2026-04-18T10:46:53.696+00:00,7,4.05,0
2026-04-18T10:46:53.696+00:00,8,2.24,0
2026-04-18T10:46:55.700+00:00,1,6.56,0
2026-04-18T10:46:55.700+00:00,2,1.91,0
2026-04-18T10:46:55.700+00:00,3,6.54,0
2026-04-18T10:46:55.700+00:00,4,7.5,0
2026-04-18T10:46:55.700+00:00,5,7.15,0
2026-04-18T10:46:55.700+00:00,6,6.41,0
2026-04-18T10:46:55.700+00:00,7,4.05,0
2026-04-18T10:46:55.700+00:00,8,2.24,0
2026-04-18T10:46:57.705+00:00,1,6.62,0
2026-04-18T10:46:57.705+00:00,2,2.03,0
2026-04-18T10:46:57.705+00:00,3,6.0,0
2026-04-18T10:46:57.705+00:00,4,7.3,0
2026-04-18T10:46:57.705+00:00,5,7.14,0
2026-04-18T10:46:57.705+00:00,6,6.5,0
2026-04-18T10:46:57.705+00:00,7,4.05,0
2026-04-18T10:46:57.705+00:00,8,2.24,0
2026-04-18T10:46:59.709+00:00,1,6.33,0
2026-04-18T10:46:59.709+00:00,2,1.98,0
2026-04-18T10:46:59.709+00:00,3,5.32,0
2026-04-18T10:46:59.709+00:00,4,7.57,0
2026-04-18T10:46:59.709+00:00,5,7.06,0
2026-04-18T10:46:59.709+00:00,6,6.53,0
2026-04-18T10:46:59.709+00:00,7,4.05,0
2026-04-18T10:46:59.709+00:00,8,2.24,0
2026-04-18T10:47:01.713+00:00,1,6.65,0
2026-04-18T10:47:01.713+00:00,2,1.92,0
2026-04-18T10:47:01.713+00:00,3,4.54,0
2026-04-18T10:47:01.713+00:00,4,7.6,0
2026-04-18T10:47:01.713+00:00,5,7.43,0
2026-04-18T10:47:01.713+00:00,6,6.3,0
2026-04-18T10:47:01.713+00:00,7,4.05,0
2026-04-18T10:47:01.713+00:00,8,2.24,0
2026-04-18T10:47:03.718+00:00,1,6.58,0
2026-04-18T10:47:03.718+00:00,2,2.11,0
2026-04-18T10:47:03.718+00:00,3,3.37,0
2026-04-18T10:47:03.718+00:00,4,7.39,0
2026-04-18T10:47:03.718+00:00,5,7.24,0
2026-04-18T10:47:03.718+00:00,6,6.37,0
2026-04-18T10:47:03.718+00:00,7,4.05,0
2026-04-18T10:47:03.718+00:00,8,2.24,0
2026-04-18T10:47:05.722+00:00,1,6.45,0
2026-04-18T10:47:05.722+00:00,2,1.92,0
2026-04-18T10:47:05.722+00:00,3,2.99,0
2026-04-18T10:47:05.722+00:00,4,7.39,0
2026-04-18T10:47:05.722+00:00,5,7.12,0
2026-04-18T10:47:05.722+00:00,6,6.41,0
2026-04-18T10:47:05.722+00:00,7,4.05,0
2026-04-18T10:47:05.722+00:00,8,2.24,0
2026-04-18T10:47:07.726+00:00,1,6.51,0
2026-04-18T10:47:07.726+00:00,2,2.05,0
2026-04-18T10:47:07.726+00:00,3,2.98,0
2026-04-18T10:47:07.726+00:00,4,7.48,0
2026-04-18T10:47:07.726+00:00,5,7.17,0
2026-04-18T10:47:07.726+00:00,6,6.39,0
2026-04-18T10:47:07.726+00:00,7,4.05,0
2026-04-18T10:47:07.726+00:00,8,2.24,0
2026-04-18T10:47:09.730+00:00,1,6.58,0
2026-04-18T10:47:09.730+00:00,2,2.02,0
2026-04-18T10:47:09.730+00:00,3,3.03,0
2026-04-18T10:47:09.730+00:00,4,7.43,0
2026-04-18T10:47:09.730+00:00,5,7.14,0
2026-04-18T10:47:09.730+00:00,6,6.45,0
2026-04-18T10:47:09.730+00:00,7,4.05,0
2026-04-18T10:47:09.730+00:00,8,2.24,0
2026-04-18T10:47:11.734+00:00,1,6.48,0
2026-04-18T10:47:11.734+00:00,2,2.08,0
2026-04-18T10:47:11.734+00:00,3,3.07,0
2026-04-18T10:47:11.734+00:00,4,7.32,0
2026-04-18T10:47:11.734+00:00,5,7.36,0
2026-04-18T10:47:11.734+00:00,6,6.3,0
2026-04-18T10:47:11.734+00:00,7,4.05,0
2026-04-18T10:47:11.734+00:00,8,2.24,0
2026-04-18T10:47:13.738+00:00,1,6.64,0
2026-04-18T10:47:13.738+00:00,2,1.5,1
2026-04-18T10:47:13.738+00:00,3,3.06,0
2026-04-18T10:47:13.738+00:00,4,7.59,0
2026-04-18T10:47:13.738+00:00,5,7.16,0
2026-04-18T10:47:13.738+00:00,6,6.4,0
2026-04-18T10:47:13.738+00:00,7,4.05,0
2026-04-18T10:47:13.738+00:00,8,2.24,0
2026-04-18T10:47:15.741+00:00,1,6.36,0
2026-04-18T10:47:15.741+00:00,2,7.5,1
2026-04-18T10:47:15.741+00:00,3,3.07,0
2026-04-18T10:47:15.741+00:00,4,7.29,0
2026-04-18T10:47:15.741+00:00,5,7.44,0
2026-04-18T10:47:15.741+00:00,6,6.19,0
2026-04-18T10:47:15.741+00:00,7,4.05,0
2026-04-18T10:47:15.741+00:00,8,2.24,0
2026-04-18T10:47:17.747+00:00,1,6.62,0
2026-04-18T10:47:17.747+00:00,2,1.5,1
2026-04-18T10:47:17.747+00:00,3,3.08,0
2026-04-18T10:47:17.747+00:00,4,7.33,0
2026-04-18T10:47:17.747+00:00,5,7.16,0
2026-04-18T10:47:17.747+00:00,6,6.54,0
2026-04-18T10:47:17.747+00:00,7,1.67,0
2026-04-18T10:47:17.747+00:00,8,2.24,0
2026-04-18T10:47:19.753+00:00,1,6.56,0
2026-04-18T10:47:19.753+00:00,2,7.5,1
2026-04-18T10:47:19.753+00:00,3,3.09,0
2026-04-18T10:47:19.753+00:00,4,7.51,0
2026-04-18T10:47:19.753+00:00,5,7.13,0
2026-04-18T10:47:19.753+00:00,6,6.53,0
2026-04-18T10:47:19.753+00:00,7,1.71,0
2026-04-18T10:47:19.753+00:00,8,2.24,0
2026-04-18T10:47:21.758+00:00,1,6.35,0
2026-04-18T10:47:21.758+00:00,2,1.5,1
2026-04-18T10:47:21.758+00:00,3,2.92,0
2026-04-18T10:47:21.758+00:00,4,7.57,0
2026-04-18T10:47:21.758+00:00,5,7.44,0
2026-04-18T10:47:21.758+00:00,6,6.25,0
2026-04-18T10:47:21.758+00:00,7,1.63,0
2026-04-18T10:47:21.758+00:00,8,2.24,0
2026-04-18T10:47:23.762+00:00,1,6.62,0
2026-04-18T10:47:23.762+00:00,2,7.5,1
2026-04-18T10:47:23.762+00:00,3,2.9,0
2026-04-18T10:47:23.762+00:00,4,7.37,0
2026-04-18T10:47:23.762+00:00,5,7.25,0
2026-04-18T10:47:23.762+00:00,6,6.23,0
2026-04-18T10:47:23.762+00:00,7,1.7,0
2026-04-18T10:47:23.762+00:00,8,2.24,0
2026-04-18T10:47:25.768+00:00,1,6.34,0
2026-04-18T10:47:25.768+00:00,2,6.99,0
2026-04-18T10:47:25.768+00:00,3,3.04,0
2026-04-18T10:47:25.768+00:00,4,7.49,0
2026-04-18T10:47:25.768+00:00,5,12.3,1
2026-04-18T10:47:25.768+00:00,6,6.44,0
2026-04-18T10:47:25.768+00:00,7,1.61,0
2026-04-18T10:47:25.768+00:00,8,2.24,0
2026-04-18T10:47:27.776+00:00,1,6.43,0
2026-04-18T10:47:27.776+00:00,2,0.21,1
2026-04-18T10:47:27.776+00:00,3,2.93,0
2026-04-18T10:47:27.776+00:00,4,7.54,0
2026-04-18T10:47:27.776+00:00,5,14.69,1
2026-04-18T10:47:27.776+00:00,6,6.39,0
2026-04-18T10:47:27.776+00:00,7,1.55,0
2026-04-18T10:47:27.776+00:00,8,2.24,0
2026-04-18T10:47:29.782+00:00,1,6.51,0
2026-04-18T10:47:29.782+00:00,2,0.6,1
2026-04-18T10:47:29.782+00:00,3,3.0,0
2026-04-18T10:47:29.782+00:00,4,7.32,0
2026-04-18T10:47:29.782+00:00,5,12.22,1
2026-04-18T10:47:29.782+00:00,6,6.26,0
2026-04-18T10:47:29.782+00:00,7,1.58,0
2026-04-18T10:47:29.782+00:00,8,2.24,0
2026-04-18T10:47:31.789+00:00,1,6.41,0
2026-04-18T10:47:31.789+00:00,2,12.34,1
2026-04-18T10:47:31.789+00:00,3,2.98,0
2026-04-18T10:47:31.789+00:00,4,7.36,0
2026-04-18T10:47:31.789+00:00,5,10.23,1
2026-04-18T10:47:31.789+00:00,6,6.31,0
2026-04-18T10:47:31.789+00:00,7,1.65,0
2026-04-18T10:47:31.789+00:00,8,2.24,0
2026-04-18T10:47:33.799+00:00,1,6.44,0
2026-04-18T10:47:33.799+00:00,2,10.85,1
2026-04-18T10:47:33.799+00:00,3,3.01,0
2026-04-18T10:47:33.799+00:00,4,7.29,0
2026-04-18T10:47:33.799+00:00,5,11.26,1
2026-04-18T10:47:33.799+00:00,6,6.51,0
2026-04-18T10:47:33.799+00:00,7,1.6,0
2026-04-18T10:47:33.799+00:00,8,2.24,0
2026-04-18T10:47:35.805+00:00,1,6.63,0
2026-04-18T10:47:35.805+00:00,2,0.4,1
2026-04-18T10:47:35.805+00:00,3,2.99,0
2026-04-18T10:47:35.805+00:00,4,7.35,0
2026-04-18T10:47:35.805+00:00,5,13.45,1
2026-04-18T10:47:35.805+00:00,6,6.48,0
2026-04-18T10:47:35.805+00:00,7,1.56,0
2026-04-18T10:47:35.805+00:00,8,2.24,0
2026-04-18T10:47:37.814+00:00,1,6.56,0
2026-04-18T10:47:37.814+00:00,2,0.86,1
2026-04-18T10:47:37.814+00:00,3,3.01,0
2026-04-18T10:47:37.814+00:00,4,7.36,0
2026-04-18T10:47:37.814+00:00,5,14.7,1
2026-04-18T10:47:37.814+00:00,6,4.45,0
2026-04-18T10:47:37.814+00:00,7,1.71,0
2026-04-18T10:47:37.814+00:00,8,2.13,0
2026-04-18T10:47:39.821+00:00,1,6.52,0
2026-04-18T10:47:39.821+00:00,2,14.14,1
2026-04-18T10:47:39.821+00:00,3,2.92,0
2026-04-18T10:47:39.821+00:00,4,7.55,0
2026-04-18T10:47:39.821+00:00,5,1.97,0
2026-04-18T10:47:39.821+00:00,6,4.45,0
2026-04-18T10:47:39.821+00:00,7,1.69,0
2026-04-18T10:47:39.821+00:00,8,2.16,0
2026-04-18T10:47:41.827+00:00,1,6.31,0
2026-04-18T10:47:41.827+00:00,2,7.76,0
2026-04-18T10:47:41.827+00:00,3,2.94,0
2026-04-18T10:47:41.827+00:00,4,7.53,0
2026-04-18T10:47:41.827+00:00,5,2.06,0
2026-04-18T10:47:41.827+00:00,6,4.45,0
2026-04-18T10:47:41.827+00:00,7,1.63,0
2026-04-18T10:47:41.827+00:00,8,2.04,0
2026-04-18T10:47:43.829+00:00,1,6.58,0
2026-04-18T10:47:43.829+00:00,2,7.68,0
2026-04-18T10:47:43.829+00:00,3,3.07,0
2026-04-18T10:47:43.829+00:00,4,7.29,0
2026-04-18T10:47:43.829+00:00,5,2.01,0
2026-04-18T10:47:43.829+00:00,6,4.45,0
2026-04-18T10:47:43.829+00:00,7,1.59,0
2026-04-18T10:47:43.829+00:00,8,2.19,0
2026-04-18T10:47:45.834+00:00,1,6.4,0
2026-04-18T10:47:45.834+00:00,2,7.83,0
2026-04-18T10:47:45.834+00:00,3,3.07,0
2026-04-18T10:47:45.834+00:00,4,7.44,0
2026-04-18T10:47:45.834+00:00,5,2.01,0
2026-04-18T10:47:45.834+00:00,6,4.45,0
2026-04-18T10:47:45.834+00:00,7,1.7,0
2026-04-18T10:47:45.834+00:00,8,2.04,0
2026-04-18T10:47:47.838+00:00,1,6.28,0
2026-04-18T10:47:47.838+00:00,2,7.93,0
2026-04-18T10:47:47.838+00:00,3,2.95,0
2026-04-18T10:47:47.838+00:00,4,7.42,0
2026-04-18T10:47:47.838+00:00,5,2.14,0
2026-04-18T10:47:47.838+00:00,6,4.45,0
2026-04-18T10:47:47.838+00:00,7,1.68,0
2026-04-18T10:47:47.838+00:00,8,2.14,0
2026-04-18T10:47:49.842+00:00,1,6.64,0
2026-04-18T10:47:49.842+00:00,2,7.84,0
2026-04-18T10:47:49.842+00:00,3,3.05,0
2026-04-18T10:47:49.842+00:00,4,7.35,0
2026-04-18T10:47:49.842+00:00,5,1.96,0
2026-04-18T10:47:49.842+00:00,6,4.45,0
2026-04-18T10:47:49.842+00:00,7,1.62,0
2026-04-18T10:47:49.842+00:00,8,2.04,0
2026-04-18T10:47:51.847+00:00,1,6.55,0
2026-04-18T10:47:51.847+00:00,2,7.7,0
2026-04-18T10:47:51.847+00:00,3,2.95,0
2026-04-18T10:47:51.847+00:00,4,6.58,0
2026-04-18T10:47:51.847+00:00,5,1.98,0
2026-04-18T10:47:51.847+00:00,6,4.45,0
2026-04-18T10:47:51.847+00:00,7,1.69,0
2026-04-18T10:47:51.847+00:00,8,2.19,0
2026-04-18T10:47:53.852+00:00,1,6.65,0
2026-04-18T10:47:53.852+00:00,2,7.81,0
2026-04-18T10:47:53.852+00:00,3,3.05,0
2026-04-18T10:47:53.852+00:00,4,5.68,0
2026-04-18T10:47:53.852+00:00,5,1.98,0
2026-04-18T10:47:53.852+00:00,6,4.45,0
2026-04-18T10:47:53.852+00:00,7,1.6,0
2026-04-18T10:47:53.852+00:00,8,2.16,0
2026-04-18T10:47:55.856+00:00,1,6.36,0
2026-04-18T10:47:55.856+00:00,2,8.02,0
2026-04-18T10:47:55.856+00:00,3,3.0,0
2026-04-18T10:47:55.856+00:00,4,4.97,0
2026-04-18T10:47:55.856+00:00,5,1.99,0
2026-04-18T10:47:55.856+00:00,6,4.45,0
2026-04-18T10:47:55.856+00:00,7,1.52,0
2026-04-18T10:47:55.856+00:00,8,2.06,0
2026-04-18T10:47:57.860+00:00,1,6.61,0
2026-04-18T10:47:57.860+00:00,2,7.7,0
2026-04-18T10:47:57.860+00:00,3,2.92,0
2026-04-18T10:47:57.860+00:00,4,3.84,0
2026-04-18T10:47:57.860+00:00,5,2.13,0
2026-04-18T10:47:57.860+00:00,6,4.45,0
2026-04-18T10:47:57.860+00:00,7,1.63,0
2026-04-18T10:47:57.860+00:00,8,2.04,0
2026-04-18T10:47:59.864+00:00,1,6.62,0
2026-04-18T10:47:59.864+00:00,2,7.65,0
2026-04-18T10:47:59.864+00:00,3,3.0,0
2026-04-18T10:47:59.864+00:00,4,2.85,0
2026-04-18T10:47:59.864+00:00,5,2.09,0
2026-04-18T10:47:59.864+00:00,6,4.45,0
2026-04-18T10:47:59.864+00:00,7,1.59,0
2026-04-18T10:47:59.864+00:00,8,2.09,0
2026-04-18T10:48:01.867+00:00,1,6.28,0
2026-04-18T10:48:01.867+00:00,2,7.66,0
2026-04-18T10:48:01.867+00:00,3,3.0,0
2026-04-18T10:48:01.867+00:00,4,2.82,0
2026-04-18T10:48:01.867+00:00,5,2.11,0
2026-04-18T10:48:01.867+00:00,6,4.45,0
2026-04-18T10:48:01.867+00:00,7,1.71,0
2026-04-18T10:48:01.867+00:00,8,2.14,0
2026-04-18T10:48:03.870+00:00,1,6.51,0
2026-04-18T10:48:03.870+00:00,2,8.03,0
2026-04-18T10:48:03.870+00:00,3,3.01,0
2026-04-18T10:48:03.870+00:00,4,2.77,0
2026-04-18T10:48:03.870+00:00,5,2.09,0
2026-04-18T10:48:03.870+00:00,6,4.45,0
2026-04-18T10:48:03.870+00:00,7,1.67,0
2026-04-18T10:48:03.870+00:00,8,2.13,0
2026-04-18T10:48:05.874+00:00,1,6.29,0
2026-04-18T10:48:05.874+00:00,2,7.81,0
2026-04-18T10:48:05.874+00:00,3,3.08,0
2026-04-18T10:48:05.874+00:00,4,2.8,0
2026-04-18T10:48:05.874+00:00,5,1.99,0
2026-04-18T10:48:05.874+00:00,6,4.45,0
2026-04-18T10:48:05.874+00:00,7,1.7,0
2026-04-18T10:48:05.874+00:00,8,2.03,0
2026-04-18T10:48:07.879+00:00,1,6.43,0
2026-04-18T10:48:07.879+00:00,2,7.76,0
2026-04-18T10:48:07.879+00:00,3,2.96,0
2026-04-18T10:48:07.879+00:00,4,2.81,0
2026-04-18T10:48:07.879+00:00,5,2.02,0
2026-04-18T10:48:07.879+00:00,6,4.45,0
2026-04-18T10:48:07.879+00:00,7,1.67,0
2026-04-18T10:48:07.879+00:00,8,2.05,0
2026-04-18T10:48:09.882+00:00,1,6.58,0
2026-04-18T10:48:09.882+00:00,2,7.74,0
2026-04-18T10:48:09.882+00:00,3,3.0,0
2026-04-18T10:48:09.882+00:00,4,2.81,0
2026-04-18T10:48:09.882+00:00,5,1.96,0
2026-04-18T10:48:09.882+00:00,6,4.45,0
2026-04-18T10:48:09.882+00:00,7,1.59,0
2026-04-18T10:48:09.882+00:00,8,2.12,0
2026-04-18T10:48:11.886+00:00,1,6.44,0
2026-04-18T10:48:11.886+00:00,2,0.79,1
2026-04-18T10:48:11.886+00:00,3,3.07,0
2026-04-18T10:48:11.886+00:00,4,2.94,0
2026-04-18T10:48:11.886+00:00,5,2.01,0
2026-04-18T10:48:11.886+00:00,6,4.45,0
2026-04-18T10:48:11.886+00:00,7,1.64,0
2026-04-18T10:48:11.886+00:00,8,2.12,0
2026-04-18T10:48:13.889+00:00,1,6.45,0
2026-04-18T10:48:13.889+00:00,2,0.24,1
2026-04-18T10:48:13.889+00:00,3,3.06,0
2026-04-18T10:48:13.889+00:00,4,2.8,0
2026-04-18T10:48:13.889+00:00,5,1.97,0
2026-04-18T10:48:13.889+00:00,6,4.45,0
2026-04-18T10:48:13.889+00:00,7,1.67,0
2026-04-18T10:48:13.889+00:00,8,2.03,0
2026-04-18T10:48:15.893+00:00,1,6.28,0
2026-04-18T10:48:15.893+00:00,2,12.29,1
2026-04-18T10:48:15.893+00:00,3,3.06,0
2026-04-18T10:48:15.893+00:00,4,2.89,0
2026-04-18T10:48:15.893+00:00,5,2.09,0
2026-04-18T10:48:15.893+00:00,6,4.45,0
2026-04-18T10:48:15.893+00:00,7,1.68,0
2026-04-18T10:48:15.893+00:00,8,2.12,0
2026-04-18T10:48:17.898+00:00,1,6.28,0
2026-04-18T10:48:17.898+00:00,2,12.69,1
2026-04-18T10:48:17.898+00:00,3,3.03,0
2026-04-18T10:48:17.898+00:00,4,2.76,0
2026-04-18T10:48:17.898+00:00,5,2.07,0
2026-04-18T10:48:17.898+00:00,6,4.45,0
2026-04-18T10:48:17.898+00:00,7,1.69,0
2026-04-18T10:48:17.898+00:00,8,2.04,0
2026-04-18T10:48:19.901+00:00,1,6.28,0
2026-04-18T10:48:19.901+00:00,2,0.35,1
2026-04-18T10:48:19.901+00:00,3,2.89,0
2026-04-18T10:48:19.901+00:00,4,2.87,0
2026-04-18T10:48:19.901+00:00,5,2.0,0
2026-04-18T10:48:19.901+00:00,6,4.45,0
2026-04-18T10:48:19.901+00:00,7,1.66,0
2026-04-18T10:48:19.901+00:00,8,2.15,0
2026-04-18T10:48:21.906+00:00,1,6.58,0
2026-04-18T10:48:21.906+00:00,2,10.29,1
2026-04-18T10:48:21.906+00:00,3,3.06,0
2026-04-18T10:48:21.906+00:00,4,2.83,0
2026-04-18T10:48:21.906+00:00,5,2.04,0
2026-04-18T10:48:21.906+00:00,6,4.45,0
2026-04-18T10:48:21.906+00:00,7,1.63,0
2026-04-18T10:48:21.906+00:00,8,2.19,0
2026-04-18T10:48:23.911+00:00,1,6.37,0
2026-04-18T10:48:23.911+00:00,2,0.27,1
2026-04-18T10:48:23.911+00:00,3,3.01,0
2026-04-18T10:48:23.911+00:00,4,2.77,0
2026-04-18T10:48:23.911+00:00,5,2.04,0
2026-04-18T10:48:23.911+00:00,6,4.45,0
2026-04-18T10:48:23.911+00:00,7,1.5,1
2026-04-18T10:48:23.911+00:00,8,2.17,0
2026-04-18T10:48:25.919+00:00,1,6.53,0
2026-04-18T10:48:25.919+00:00,2,10.57,1
2026-04-18T10:48:25.919+00:00,3,3.05,0
2026-04-18T10:48:25.919+00:00,4,2.89,0
2026-04-18T10:48:25.919+00:00,5,1.98,0
2026-04-18T10:48:25.919+00:00,6,4.45,0
2026-04-18T10:48:25.919+00:00,7,7.5,1
2026-04-18T10:48:25.919+00:00,8,2.11,0
2026-04-18T10:48:27.925+00:00,1,6.57,0
2026-04-18T10:48:27.925+00:00,2,12.66,1
2026-04-18T10:48:27.925+00:00,3,3.08,0
2026-04-18T10:48:27.925+00:00,4,2.91,0
2026-04-18T10:48:27.925+00:00,5,1.99,0
2026-04-18T10:48:27.925+00:00,6,2.86,0
2026-04-18T10:48:27.925+00:00,7,1.5,1
2026-04-18T10:48:27.925+00:00,8,2.14,0
2026-04-18T10:48:29.931+00:00,1,6.34,0
2026-04-18T10:48:29.931+00:00,2,2.95,0
2026-04-18T10:48:29.931+00:00,3,3.08,0
2026-04-18T10:48:29.931+00:00,4,2.85,0
2026-04-18T10:48:29.931+00:00,5,2.11,0
2026-04-18T10:48:29.931+00:00,6,2.86,0
2026-04-18T10:48:29.931+00:00,7,7.5,1
2026-04-18T10:48:29.931+00:00,8,2.12,0
2026-04-18T10:48:31.935+00:00,1,6.4,0
2026-04-18T10:48:31.935+00:00,2,2.95,0
2026-04-18T10:48:31.935+00:00,3,2.97,0
2026-04-18T10:48:31.935+00:00,4,2.93,0
2026-04-18T10:48:31.935+00:00,5,2.0,0
2026-04-18T10:48:31.935+00:00,6,2.89,0
2026-04-18T10:48:31.935+00:00,7,1.5,1
2026-04-18T10:48:31.935+00:00,8,2.1,0
2026-04-18T10:48:33.940+00:00,1,6.57,0
2026-04-18T10:48:33.940+00:00,2,2.89,0
2026-04-18T10:48:33.940+00:00,3,3.08,0
2026-04-18T10:48:33.940+00:00,4,2.86,0
2026-04-18T10:48:33.940+00:00,5,2.03,0
2026-04-18T10:48:33.940+00:00,6,2.99,0
2026-04-18T10:48:33.940+00:00,7,7.5,1
2026-04-18T10:48:33.940+00:00,8,2.13,0
2026-04-18T10:48:35.944+00:00,1,6.67,0
2026-04-18T10:48:35.944+00:00,2,2.98,0
2026-04-18T10:48:35.944+00:00,3,3.06,0
2026-04-18T10:48:35.944+00:00,4,2.8,0
2026-04-18T10:48:35.944+00:00,5,2.0,0
2026-04-18T10:48:35.944+00:00,6,2.92,0
2026-04-18T10:48:35.944+00:00,7,1.5,1
2026-04-18T10:48:35.944+00:00,8,2.16,0
2026-04-18T10:48:37.949+00:00,1,6.35,0
2026-04-18T10:48:37.949+00:00,2,2.94,0
2026-04-18T10:48:37.949+00:00,3,3.04,0
2026-04-18T10:48:37.949+00:00,4,2.85,0
2026-04-18T10:48:37.949+00:00,5,2.14,0
2026-04-18T10:48:37.949+00:00,6,1.5,1
2026-04-18T10:48:37.949+00:00,7,6.58,0
2026-04-18T10:48:37.949+00:00,8,2.06,0
2026-04-18T10:48:39.955+00:00,1,6.43,0
2026-04-18T10:48:39.955+00:00,2,2.98,0
2026-04-18T10:48:39.955+00:00,3,3.07,0
2026-04-18T10:48:39.955+00:00,4,2.83,0
2026-04-18T10:48:39.955+00:00,5,2.12,0
2026-04-18T10:48:39.955+00:00,6,7.5,1
2026-04-18T10:48:39.955+00:00,7,6.91,0
2026-04-18T10:48:39.955+00:00,8,2.13,0
2026-04-18T10:48:41.959+00:00,1,6.37,0
2026-04-18T10:48:41.959+00:00,2,2.88,0
2026-04-18T10:48:41.959+00:00,3,3.03,0
2026-04-18T10:48:41.959+00:00,4,2.9,0
2026-04-18T10:48:41.959+00:00,5,1.98,0
2026-04-18T10:48:41.959+00:00,6,1.5,1
2026-04-18T10:48:41.959+00:00,7,6.76,0
2026-04-18T10:48:41.959+00:00,8,2.02,0
2026-04-18T10:48:43.963+00:00,1,6.37,0
2026-04-18T10:48:43.963+00:00,2,2.94,0
2026-04-18T10:48:43.963+00:00,3,3.04,0
2026-04-18T10:48:43.963+00:00,4,2.84,0
2026-04-18T10:48:43.963+00:00,5,2.01,0
2026-04-18T10:48:43.963+00:00,6,7.5,1
2026-04-18T10:48:43.963+00:00,7,6.7,0
2026-04-18T10:48:43.963+00:00,8,2.12,0
2026-04-18T10:48:45.969+00:00,1,6.51,0
2026-04-18T10:48:45.969+00:00,2,2.93,0
2026-04-18T10:48:45.969+00:00,3,3.05,0
2026-04-18T10:48:45.969+00:00,4,2.83,0
2026-04-18T10:48:45.969+00:00,5,2.14,0
2026-04-18T10:48:45.969+00:00,6,1.5,1
2026-04-18T10:48:45.969+00:00,7,6.59,0
2026-04-18T10:48:45.969+00:00,8,2.05,0
2026-04-18T10:48:47.972+00:00,1,5.69,0
2026-04-18T10:48:47.972+00:00,2,2.98,0
2026-04-18T10:48:47.972+00:00,3,0.67,1
2026-04-18T10:48:47.972+00:00,4,2.93,0
2026-04-18T10:48:47.972+00:00,5,1.95,0
2026-04-18T10:48:47.972+00:00,6,7.5,1
2026-04-18T10:48:47.972+00:00,7,6.68,0
2026-04-18T10:48:47.972+00:00,8,2.04,0
2026-04-18T10:48:49.977+00:00,1,4.63,0
2026-04-18T10:48:49.977+00:00,2,3.06,0
2026-04-18T10:48:49.977+00:00,3,14.28,1
2026-04-18T10:48:49.977+00:00,4,2.77,0
2026-04-18T10:48:49.977+00:00,5,2.13,0
2026-04-18T10:48:49.977+00:00,6,6.89,0
2026-04-18T10:48:49.977+00:00,7,6.87,0
2026-04-18T10:48:49.977+00:00,8,2.12,0
2026-04-18T10:48:51.981+00:00,1,3.66,0
2026-04-18T10:48:51.981+00:00,2,2.91,0
2026-04-18T10:48:51.981+00:00,3,11.87,1
2026-04-18T10:48:51.981+00:00,4,2.89,0
2026-04-18T10:48:51.981+00:00,5,2.12,0
2026-04-18T10:48:51.981+00:00,6,7.04,0
2026-04-18T10:48:51.981+00:00,7,6.73,0
2026-04-18T10:48:51.981+00:00,8,2.13,0
2026-04-18T10:48:53.986+00:00,1,2.68,0
2026-04-18T10:48:53.986+00:00,2,2.89,0
2026-04-18T10:48:53.986+00:00,3,12.82,1
2026-04-18T10:48:53.986+00:00,4,2.91,0
2026-04-18T10:48:53.986+00:00,5,8.0,0
2026-04-18T10:48:53.986+00:00,6,6.85,0
2026-04-18T10:48:53.986+00:00,7,6.67,0
2026-04-18T10:48:53.986+00:00,8,2.12,0
2026-04-18T10:48:55.991+00:00,1,2.59,0
2026-04-18T10:48:55.991+00:00,2,3.01,0
2026-04-18T10:48:55.991+00:00,3,0.8,1
2026-04-18T10:48:55.991+00:00,4,2.81,0
2026-04-18T10:48:55.991+00:00,5,8.07,0
2026-04-18T10:48:55.991+00:00,6,6.77,0
2026-04-18T10:48:55.991+00:00,7,6.73,0
2026-04-18T10:48:55.991+00:00,8,2.11,0
2026-04-18T10:48:57.996+00:00,1,2.73,0
2026-04-18T10:48:57.996+00:00,2,2.91,0
2026-04-18T10:48:57.996+00:00,3,0.53,1
2026-04-18T10:48:57.996+00:00,4,2.8,0
2026-04-18T10:48:57.996+00:00,5,7.9,0
2026-04-18T10:48:57.996+00:00,6,7.06,0
2026-04-18T10:48:57.996+00:00,7,6.92,0
2026-04-18T10:48:57.996+00:00,8,2.15,0
2026-04-18T10:49:00.001+00:00,1,2.74,0
2026-04-18T10:49:00.001+00:00,2,2.97,0
2026-04-18T10:49:00.001+00:00,3,10.96,1
2026-04-18T10:49:00.001+00:00,4,2.92,0
2026-04-18T10:49:00.001+00:00,5,7.75,0
2026-04-18T10:49:00.001+00:00,6,7.01,0
2026-04-18T10:49:00.001+00:00,7,6.89,0
2026-04-18T10:49:00.001+00:00,8,2.12,0
2026-04-18T10:49:02.005+00:00,1,2.6,0
2026-04-18T10:49:02.005+00:00,2,0.1,1
2026-04-18T10:49:02.005+00:00,3,11.99,1
2026-04-18T10:49:02.005+00:00,4,2.76,0
2026-04-18T10:49:02.005+00:00,5,7.88,0
2026-04-18T10:49:02.005+00:00,6,6.97,0
2026-04-18T10:49:02.005+00:00,7,6.67,0
2026-04-18T10:49:02.005+00:00,8,2.19,0
2026-04-18T10:49:04.009+00:00,1,2.7,0
2026-04-18T10:49:04.009+00:00,2,0.49,1
2026-04-18T10:49:04.009+00:00,3,13.86,1
2026-04-18T10:49:04.009+00:00,4,2.79,0
2026-04-18T10:49:04.009+00:00,5,7.69,0
2026-04-18T10:49:04.009+00:00,6,7.05,0
2026-04-18T10:49:04.009+00:00,7,1.5,1
2026-04-18T10:49:04.009+00:00,8,2.13,0
2026-04-18T10:49:06.015+00:00,1,2.76,0
2026-04-18T10:49:06.015+00:00,2,0.17,1
2026-04-18T10:49:06.015+00:00,3,12.03,1
2026-04-18T10:49:06.015+00:00,4,2.77,0
2026-04-18T10:49:06.015+00:00,5,1.5,1
2026-04-18T10:49:06.015+00:00,6,7.0,0
2026-04-18T10:49:06.015+00:00,7,7.5,1
2026-04-18T10:49:06.015+00:00,8,2.1,0
2026-04-18T10:49:08.021+00:00,1,2.62,0
2026-04-18T10:49:08.021+00:00,2,0.53,1
2026-04-18T10:49:08.021+00:00,3,12.09,1
2026-04-18T10:49:08.021+00:00,4,2.91,0
2026-04-18T10:49:08.021+00:00,5,7.5,1
2026-04-18T10:49:08.021+00:00,6,7.15,0
2026-04-18T10:49:08.021+00:00,7,1.5,1
2026-04-18T10:49:08.021+00:00,8,2.08,0
2026-04-18T10:49:10.029+00:00,1,2.58,0
2026-04-18T10:49:10.029+00:00,2,0.12,1
2026-04-18T10:49:10.029+00:00,3,0.8,1
2026-04-18T10:49:10.029+00:00,4,2.87,0
2026-04-18T10:49:10.029+00:00,5,1.5,1
2026-04-18T10:49:10.029+00:00,6,7.13,0
2026-04-18T10:49:10.029+00:00,7,7.5,1
2026-04-18T10:49:10.029+00:00,8,2.07,0
2026-04-18T10:49:12.035+00:00,1,2.7,0
2026-04-18T10:49:12.035+00:00,2,0.53,1
2026-04-18T10:49:12.035+00:00,3,2.73,0
2026-04-18T10:49:12.035+00:00,4,2.83,0
2026-04-18T10:49:12.035+00:00,5,7.5,1
2026-04-18T10:49:12.035+00:00,6,6.78,0
2026-04-18T10:49:12.035+00:00,7,1.5,1
2026-04-18T10:49:12.035+00:00,8,2.08,0
2026-04-18T10:49:14.043+00:00,1,2.68,0
2026-04-18T10:49:14.043+00:00,2,10.79,1
2026-04-18T10:49:14.043+00:00,3,2.67,0
2026-04-18T10:49:14.043+00:00,4,2.25,0
2026-04-18T10:49:14.043+00:00,5,1.5,1
2026-04-18T10:49:14.043+00:00,6,6.83,0
2026-04-18T10:49:14.043+00:00,7,7.5,1
2026-04-18T10:49:14.043+00:00,8,7.1,0
2026-04-18T10:49:16.049+00:00,1,2.64,0
2026-04-18T10:49:16.049+00:00,2,0.52,1
2026-04-18T10:49:16.049+00:00,3,2.81,0
2026-04-18T10:49:16.049+00:00,4,2.25,0
2026-04-18T10:49:16.049+00:00,5,7.5,1
2026-04-18T10:49:16.049+00:00,6,0.38,1
2026-04-18T10:49:16.049+00:00,7,1.5,1
2026-04-18T10:49:16.049+00:00,8,6.91,0
2026-04-18T10:49:18.052+00:00,1,2.62,0
2026-04-18T10:49:18.052+00:00,2,10.31,1
2026-04-18T10:49:18.052+00:00,3,2.83,0
2026-04-18T10:49:18.052+00:00,4,2.25,0
2026-04-18T10:49:18.052+00:00,5,1.5,1
2026-04-18T10:49:18.052+00:00,6,10.12,1
2026-04-18T10:49:18.052+00:00,7,6.31,0
2026-04-18T10:49:18.052+00:00,8,7.14,0
2026-04-18T10:49:20.060+00:00,1,2.69,0
2026-04-18T10:49:20.060+00:00,2,0.54,1
2026-04-18T10:49:20.060+00:00,3,2.73,0
2026-04-18T10:49:20.060+00:00,4,2.25,0
2026-04-18T10:49:20.060+00:00,5,2.32,0
2026-04-18T10:49:20.060+00:00,6,0.35,1
2026-04-18T10:49:20.060+00:00,7,6.39,0
2026-04-18T10:49:20.060+00:00,8,7.04,0
2026-04-18T10:49:22.066+00:00,1,2.67,0
2026-04-18T10:49:22.066+00:00,2,2.1,0
2026-04-18T10:49:22.066+00:00,3,2.76,0
2026-04-18T10:49:22.066+00:00,4,2.25,0
2026-04-18T10:49:22.066+00:00,5,2.49,0
2026-04-18T10:49:22.066+00:00,6,0.44,1
2026-04-18T10:49:22.066+00:00,7,6.12,0
2026-04-18T10:49:22.066+00:00,8,7.28,0
